train/global_step,GPT2_V32_350k_4E_xLAN - legal piece moves accuracy,GPT2_V32_350k_4E_xLAN - hard position accuracy,GPT2_V32_350k_4E_xLAN - average correct plies,GPT2_V31_350k_4E_xLANplus - legal piece moves accuracy,GPT2_V31_350k_4E_xLANplus - hard position accuracy,GPT2_V31_350k_4E_xLANplus - average correct plies,GPT2_V30_71k_4E_xLANplus - legal piece moves accuracy,GPT2_V30_71k_4E_xLANplus - hard position accuracy,GPT2_V30_71k_4E_xLANplus - average correct plies,GPT2_V29_19k_4E_xLANplus - legal piece moves accuracy,GPT2_V29_19k_4E_xLANplus - hard position accuracy,GPT2_V29_19k_4E_xLANplus - average correct plies,GPT2_V28_71k_4E_xLAN - legal piece moves accuracy,GPT2_V28_71k_4E_xLAN - hard position accuracy,GPT2_V28_71k_4E_xLAN - average correct plies,GPT2_V27_19k_4E_xLAN - legal piece moves accuracy,GPT2_V27_19k_4E_xLAN - hard position accuracy,GPT2_V27_19k_4E_xLAN - average correct plies
50,,,,,,,0.015463917525773200,0,0,0.010309278350515500,0.014925373134328400,0,0,0,0.01,0,0,0
100,,,,,,,0.07216494845360820,0.05970149253731340,0,0.0979381443298969,0.1044776119402990,0.04,0.02577319587628870,0,0,0.020618556701030900,0.04477611940298510,0
150,,,,,,,0.11855670103092800,0.13432835820895500,0.03,0.0979381443298969,0.04477611940298510,0.03,0.0979381443298969,0,0.05,0.0979381443298969,0.04477611940298510,0.04
200,0.0979381443298969,0.05970149253731340,0.01,0.0979381443298969,0.07462686567164180,0.48,0.13917525773195900,0.08955223880597010,0.06,0.11855670103092800,0.08955223880597010,0.05,0.06701030927835050,0.014925373134328400,0.01,0.10309278350515500,0.05970149253731340,0.03
250,,,,,,,0.12886597938144300,0.08955223880597010,0.21,0.10309278350515500,0.08955223880597010,0.02,0.11855670103092800,0.014925373134328400,0.06,0.10824742268041200,0.07462686567164180,0
300,,,,,,,0.1134020618556700,0.08955223880597010,0.04,0.11855670103092800,0.04477611940298510,0.01,0.13917525773195900,0.014925373134328400,0,0.12371134020618600,0.04477611940298510,0.02
350,,,,,,,0.15979381443299000,0.07462686567164180,0.42,0.15463917525773200,0.14925373134328400,0.04,0.14432989690721600,0.05970149253731340,0.02,0.12371134020618600,0.014925373134328400,0.03
400,0.14948453608247400,0.07462686567164180,0.01,0.12886597938144300,0.1791044776119400,0.58,0.1958762886597940,0.14925373134328400,0.45,0.18041237113402100,0.23880597014925400,0.23,0.11855670103092800,0.07462686567164180,0.02,0.14432989690721600,0.05970149253731340,0.09
450,,,,,,,0.20618556701030900,0.11940298507462700,0.2,0.24742268041237100,0.23880597014925400,0.32,0.10824742268041200,0.04477611940298510,0.01,0.16494845360824700,0.07462686567164180,0.04
500,,,,,,,0.2268041237113400,0.1791044776119400,0.29,0.24742268041237100,0.2835820895522390,0.58,0.16494845360824700,0.1044776119402990,0.02,0.15463917525773200,0.07462686567164180,0.02
550,,,,,,,0.26288659793814400,0.2835820895522390,0.24,0.26288659793814400,0.1791044776119400,0.32,0.2268041237113400,0.13432835820895500,0.06,0.18556701030927800,0.08955223880597010,0.01
600,0.2268041237113400,0.11940298507462700,0,0.27835051546391800,0.31343283582089600,0.12,0.27319587628866000,0.23880597014925400,0.31,0.30412371134020600,0.22388059701492500,0.29,0.22164948453608200,0.13432835820895500,0.06,0.18041237113402100,0.14925373134328400,0.02
650,,,,,,,0.30412371134020600,0.22388059701492500,0.12,0.30412371134020600,0.26865671641791000,0.35,0.26288659793814400,0.14925373134328400,0.02,0.20618556701030900,0.08955223880597010,0
700,,,,,,,0.31443298969072200,0.2835820895522390,0.29,0.29381443298969100,0.23880597014925400,0.62,0.24742268041237100,0.19402985074626900,0.08,0.20103092783505200,0.11940298507462700,0
750,,,,,,,0.34536082474226800,0.3582089552238810,0.61,0.33505154639175300,0.3283582089552240,0.62,0.31443298969072200,0.26865671641791000,0.04,0.23711340206185600,0.11940298507462700,0
800,0.25257731958762900,0.11940298507462700,0.03,0.37628865979381400,0.31343283582089600,1.23,0.3402061855670100,0.2835820895522390,0.98,0.35051546391752600,0.22388059701492500,0.29,0.27319587628866000,0.208955223880597,0.01,0.2268041237113400,0.19402985074626900,0
850,,,,,,,0.37628865979381400,0.373134328358209,1.8,0.37628865979381400,0.2835820895522390,0.23,0.28350515463917500,0.14925373134328400,0.01,0.27319587628866000,0.22388059701492500,0
900,,,,,,,0.3865979381443300,0.373134328358209,1.7,0.38144329896907200,0.29850746268656700,0.89,0.33505154639175300,0.208955223880597,0.01,0.26804123711340200,0.23880597014925400,0.04
950,,,,,,,0.4175257731958760,0.3880597014925370,1.56,0.39690721649484500,0.373134328358209,0.71,0.29381443298969100,0.22388059701492500,0,0.27319587628866000,0.208955223880597,0
1000,0.27835051546391800,0.23880597014925400,0,0.4536082474226800,0.417910447761194,2.51,0.4072164948453610,0.44776119402985100,2.77,0.42783505154639200,0.3582089552238810,1.16,0.3711340206185570,0.23880597014925400,0,0.29896907216494800,0.208955223880597,0.02
1050,,,,,,,0.422680412371134,0.40298507462686600,3.48,0.4587628865979380,0.34328358208955200,1.6,0.37628865979381400,0.3283582089552240,0.06,0.30412371134020600,0.208955223880597,0.03
1100,,,,,,,0.5103092783505150,0.417910447761194,3.41,0.4484536082474230,0.29850746268656700,1.96,0.3402061855670100,0.2835820895522390,0,0.28865979381443300,0.1791044776119400,0.02
1150,,,,,,,0.5154639175257730,0.43283582089552200,4.88,0.4742268041237110,0.40298507462686600,2.61,0.36082474226804100,0.29850746268656700,0,0.30927835051546400,0.23880597014925400,0.12
1200,0.34536082474226800,0.31343283582089600,0.04,0.5360824742268040,0.5373134328358210,2.43,0.520618556701031,0.4925373134328360,3.54,0.5051546391752580,0.44776119402985100,2.47,0.41237113402061900,0.29850746268656700,0.01,0.33505154639175300,0.2835820895522390,0.15
1250,,,,,,,0.5824742268041240,0.5671641791044780,4.09,0.5,0.417910447761194,2.65,0.41237113402061900,0.31343283582089600,0.03,0.37628865979381400,0.31343283582089600,0.03
1300,,,,,,,0.5824742268041240,0.5373134328358210,3.75,0.5257731958762890,0.44776119402985100,2.23,0.422680412371134,0.43283582089552200,0.04,0.39690721649484500,0.31343283582089600,0.16
1350,,,,,,,0.5670103092783510,0.5522388059701490,2.61,0.5309278350515460,0.4925373134328360,3.34,0.4381443298969070,0.3283582089552240,0.04,0.41237113402061900,0.29850746268656700,0.03
1400,0.4020618556701030,0.29850746268656700,0.02,0.5618556701030930,0.4925373134328360,4.54,0.5876288659793820,0.5074626865671640,4.05,0.5257731958762890,0.5671641791044780,4.06,0.4381443298969070,0.34328358208955200,0.02,0.42783505154639200,0.3582089552238810,0.09
1450,,,,,,,0.5463917525773200,0.5074626865671640,5.87,0.5103092783505150,0.5373134328358210,5.06,0.44329896907216500,0.44776119402985100,0.33,0.4639175257731960,0.31343283582089600,0.09
1500,,,,,,,0.5927835051546390,0.4626865671641790,4.62,0.5309278350515460,0.47761194029850700,5.23,0.44329896907216500,0.40298507462686600,0.15,0.4484536082474230,0.34328358208955200,0.15
1550,,,,,,,0.5670103092783510,0.43283582089552200,5.59,0.5773195876288660,0.4925373134328360,3.69,0.4948453608247420,0.373134328358209,0.06,0.4536082474226800,0.373134328358209,0.41
1600,0.42783505154639200,0.26865671641791000,0,0.6185567010309280,0.4626865671641790,3.83,0.6134020618556700,0.43283582089552200,5.71,0.5567010309278350,0.4925373134328360,3.62,0.4536082474226800,0.417910447761194,0.31,0.5,0.373134328358209,0.49
1650,,,,,,,0.6185567010309280,0.4626865671641790,5.61,0.5773195876288660,0.5373134328358210,5.46,0.4742268041237110,0.4626865671641790,0.49,0.520618556701031,0.40298507462686600,0.25
1700,,,,,,,0.6030927835051550,0.5373134328358210,7.74,0.5567010309278350,0.582089552238806,4.08,0.5154639175257730,0.417910447761194,0.06,0.5154639175257730,0.417910447761194,0.68
1750,,,,,,,0.6288659793814430,0.582089552238806,5.3,0.5618556701030930,0.5522388059701490,3.13,0.5309278350515460,0.40298507462686600,0.27,0.5309278350515460,0.44776119402985100,0.4
1800,0.4329896907216500,0.31343283582089600,0.06,0.5876288659793820,0.5522388059701490,5.96,0.6134020618556700,0.5671641791044780,7.29,0.6030927835051550,0.5671641791044780,4.33,0.4948453608247420,0.3582089552238810,0.34,0.5,0.43283582089552200,0.52
1850,,,,,,,0.6391752577319590,0.582089552238806,7.68,0.6030927835051550,0.5671641791044780,4.9,0.4948453608247420,0.47761194029850700,0.66,0.5,0.44776119402985100,0.38
1900,,,,,,,0.6391752577319590,0.43283582089552200,7.51,0.5670103092783510,0.5373134328358210,4.46,0.5463917525773200,0.4925373134328360,0.43,0.5154639175257730,0.417910447761194,0.44
1950,,,,,,,0.6082474226804120,0.4626865671641790,6.95,0.6185567010309280,0.582089552238806,4.9,0.5463917525773200,0.5074626865671640,0.41,0.5,0.417910447761194,0.24
2000,0.4896907216494850,0.34328358208955200,0,0.6134020618556700,0.5223880597014930,5.59,0.6443298969072170,0.5522388059701490,7.87,0.5876288659793820,0.582089552238806,5.95,0.520618556701031,0.4626865671641790,0.54,0.5103092783505150,0.47761194029850700,0.59
2050,,,,,,,0.6185567010309280,0.5074626865671640,6.86,0.6237113402061860,0.5970149253731340,5.96,0.5412371134020620,0.4925373134328360,0.5,0.520618556701031,0.3880597014925370,0.67
2100,,,,,,,0.6288659793814430,0.582089552238806,7.95,0.6237113402061860,0.5671641791044780,6.23,0.6134020618556700,0.5522388059701490,1.47,0.5618556701030930,0.43283582089552200,0.76
2150,,,,,,,0.6597938144329900,0.5223880597014930,7.63,0.6443298969072170,0.5671641791044780,5.91,0.6185567010309280,0.4626865671641790,0.96,0.5360824742268040,0.5223880597014930,0.65
2200,0.5567010309278350,0.417910447761194,0.01,0.6288659793814430,0.5671641791044780,6.49,0.6752577319587630,0.6119402985074630,7.09,0.6237113402061860,0.5522388059701490,6.67,0.5773195876288660,0.4925373134328360,0.62,0.5257731958762890,0.44776119402985100,0.85
2250,,,,,,,0.6649484536082470,0.5522388059701490,4.66,0.6185567010309280,0.4626865671641790,4.8,0.5618556701030930,0.5522388059701490,0.57,0.5463917525773200,0.40298507462686600,0.93
2300,,,,,,,0.6494845360824740,0.582089552238806,7.27,0.6237113402061860,0.5373134328358210,7.34,0.5670103092783510,0.5373134328358210,1.81,0.5824742268041240,0.5223880597014930,1.21
2350,,,,,,,0.6752577319587630,0.5522388059701490,7.8,0.6185567010309280,0.5522388059701490,6.51,0.5721649484536080,0.44776119402985100,1.8,0.5721649484536080,0.4925373134328360,0.92
2400,0.520618556701031,0.5223880597014930,0.04,0.6082474226804120,0.6417910447761190,6.95,0.6855670103092780,0.47761194029850700,7.45,0.6288659793814430,0.6119402985074630,5.87,0.5618556701030930,0.5373134328358210,0.81,0.5567010309278350,0.5074626865671640,0.7
2450,,,,,,,0.634020618556701,0.5373134328358210,7.79,0.6030927835051550,0.5074626865671640,7,0.5670103092783510,0.5223880597014930,0.87,0.5721649484536080,0.44776119402985100,1.17
2500,,,,,,,0.7010309278350520,0.5671641791044780,7.1,0.6443298969072170,0.5522388059701490,6.11,0.5618556701030930,0.6268656716417910,1.49,0.5773195876288660,0.4925373134328360,1.45
2550,,,,,,,0.6752577319587630,0.5223880597014930,7.06,0.634020618556701,0.6417910447761190,7.97,0.5618556701030930,0.5223880597014930,1.11,0.5876288659793820,0.5074626865671640,0.97
2600,0.5515463917525770,0.3880597014925370,0,0.6185567010309280,0.5074626865671640,4.25,0.6701030927835050,0.5074626865671640,10.52,0.654639175257732,0.5671641791044780,8.02,0.5824742268041240,0.4925373134328360,1.35,0.6082474226804120,0.4925373134328360,0.9
2650,,,,,,,0.711340206185567,0.6119402985074630,9.54,0.6391752577319590,0.5373134328358210,9.78,0.5927835051546390,0.5223880597014930,1.25,0.6030927835051550,0.5223880597014930,1.08
2700,,,,,,,0.6804123711340210,0.5074626865671640,8.55,0.6443298969072170,0.5970149253731340,8.24,0.6030927835051550,0.582089552238806,1.54,0.5979381443298970,0.43283582089552200,1.64
2750,,,,,,,0.6855670103092780,0.4925373134328360,10.26,0.6288659793814430,0.4925373134328360,8.19,0.5927835051546390,0.5223880597014930,1.32,0.6134020618556700,0.5074626865671640,1.74
2800,0.5824742268041240,0.5074626865671640,0,0.6752577319587630,0.5970149253731340,7.75,0.6391752577319590,0.5522388059701490,9.76,0.6443298969072170,0.582089552238806,9.13,0.5824742268041240,0.373134328358209,1.57,0.5876288659793820,0.5223880597014930,1.8
2850,,,,,,,0.6907216494845360,0.5373134328358210,10.96,0.6597938144329900,0.4925373134328360,8.42,0.5463917525773200,0.5522388059701490,2.33,0.6082474226804120,0.43283582089552200,1.71
2900,,,,,,,0.711340206185567,0.6268656716417910,9.22,0.6597938144329900,0.5522388059701490,9.93,0.5721649484536080,0.5074626865671640,1,0.6237113402061860,0.417910447761194,0.79
2950,,,,,,,0.6958762886597940,0.6119402985074630,9.7,0.6494845360824740,0.5522388059701490,7.28,0.5927835051546390,0.44776119402985100,0.76,0.6288659793814430,0.4626865671641790,1.71
3000,0.5567010309278350,0.373134328358209,0.55,0.6958762886597940,0.5522388059701490,7.84,0.6804123711340210,0.6119402985074630,10.36,0.6752577319587630,0.5970149253731340,9.07,0.5927835051546390,0.5074626865671640,0.84,0.6134020618556700,0.417910447761194,1.87
3050,,,,,,,0.6804123711340210,0.6865671641791050,10.04,0.6804123711340210,0.4925373134328360,9.6,0.5979381443298970,0.4925373134328360,1.86,0.6082474226804120,0.4626865671641790,1.94
3100,,,,,,,0.6804123711340210,0.582089552238806,11.89,0.654639175257732,0.5373134328358210,8.31,0.6237113402061860,0.5373134328358210,0.49,0.5927835051546390,0.4626865671641790,1.8
3150,,,,,,,0.6597938144329900,0.5671641791044780,13.28,0.6391752577319590,0.5970149253731340,7.1,0.6082474226804120,0.5074626865671640,3.25,0.6082474226804120,0.4925373134328360,1.83
3200,0.5979381443298970,0.5373134328358210,0.22,0.7061855670103090,0.582089552238806,8.91,0.6958762886597940,0.6417910447761190,12.76,0.6494845360824740,0.5223880597014930,9.07,0.6185567010309280,0.5522388059701490,4.13,0.5824742268041240,0.43283582089552200,1.82
3250,,,,,,,0.711340206185567,0.6417910447761190,11.2,0.6649484536082470,0.6119402985074630,9.61,0.6134020618556700,0.5373134328358210,2.97,0.6237113402061860,0.43283582089552200,2.08
3300,,,,,,,0.6752577319587630,0.6268656716417910,10.02,0.6752577319587630,0.5223880597014930,8.89,0.6134020618556700,0.5671641791044780,3.63,0.6185567010309280,0.47761194029850700,2.68
3350,,,,,,,0.7216494845360830,0.6268656716417910,10.3,0.634020618556701,0.4925373134328360,8.53,0.6237113402061860,0.47761194029850700,3.13,0.6082474226804120,0.4626865671641790,1.99
3400,0.5927835051546390,0.44776119402985100,2.56,0.6907216494845360,0.6417910447761190,11.15,0.6855670103092780,0.582089552238806,9.89,0.6701030927835050,0.5373134328358210,9.15,0.5876288659793820,0.5373134328358210,2.43,0.6030927835051550,0.4626865671641790,2.25
3450,,,,,,,0.6907216494845360,0.6417910447761190,10.15,0.6649484536082470,0.5970149253731340,8.86,0.5824742268041240,0.5223880597014930,3.86,0.6185567010309280,0.5373134328358210,2.7
3500,,,,,,,0.7061855670103090,0.6119402985074630,10.83,0.6804123711340210,0.6417910447761190,8.15,0.654639175257732,0.5373134328358210,3.08,0.6134020618556700,0.4925373134328360,2.12
3550,,,,,,,0.6804123711340210,0.5970149253731340,10.38,0.6855670103092780,0.6417910447761190,8.94,0.5979381443298970,0.5373134328358210,2.67,0.6185567010309280,0.5373134328358210,2.17
3600,0.6597938144329900,0.4626865671641790,3.36,0.7216494845360830,0.6716417910447760,9.97,0.6958762886597940,0.5671641791044780,12.72,0.6494845360824740,0.6268656716417910,8.77,0.6701030927835050,0.582089552238806,4.19,0.6082474226804120,0.47761194029850700,2.46
3650,,,,,,,0.6855670103092780,0.6716417910447760,12.37,0.6752577319587630,0.5671641791044780,9.01,0.6288659793814430,0.5223880597014930,3.88,0.6185567010309280,0.4925373134328360,2.45
3700,,,,,,,0.7010309278350520,0.6417910447761190,10,0.6958762886597940,0.6417910447761190,8.5,0.6288659793814430,0.5373134328358210,3.74,0.6185567010309280,0.5074626865671640,1.94
3750,,,,,,,0.7216494845360830,0.6119402985074630,10.6,0.6649484536082470,0.6119402985074630,9.37,0.654639175257732,0.5671641791044780,3.66,0.6082474226804120,0.47761194029850700,2.09
3800,0.6443298969072170,0.47761194029850700,2.9,0.6958762886597940,0.6268656716417910,12.36,0.6907216494845360,0.6567164179104480,11.75,0.6855670103092780,0.5970149253731340,9.82,0.6701030927835050,0.5074626865671640,5.41,0.6134020618556700,0.4925373134328360,2.13
3850,,,,,,,0.6907216494845360,0.6417910447761190,12.26,0.6701030927835050,0.6268656716417910,11.22,0.6597938144329900,0.5522388059701490,4,0.6185567010309280,0.5074626865671640,2.28
3880,,,,,,,,,,,,,,,,0.634020618556701,0.47761194029850700,2.31
3900,,,,,,,0.7010309278350520,0.6417910447761190,11.3,0.6649484536082470,0.5970149253731340,9.63,0.6391752577319590,0.5970149253731340,4.78,,,
3950,,,,,,,0.7577319587628870,0.5970149253731340,11.17,0.6907216494845360,0.6417910447761190,10.61,0.6391752577319590,0.5074626865671640,3.71,,,
4000,0.6185567010309280,0.5074626865671640,0.03,0.7216494845360830,0.5671641791044780,11.28,0.711340206185567,0.6268656716417910,10.34,0.6701030927835050,0.5970149253731340,10.56,0.6597938144329900,0.5970149253731340,4.51,,,
4050,,,,,,,0.7319587628865980,0.6716417910447760,11.66,0.6907216494845360,0.582089552238806,10.95,0.6391752577319590,0.5223880597014930,5.75,,,
4100,,,,,,,0.7164948453608250,0.5373134328358210,12.06,0.6958762886597940,0.5970149253731340,9.99,0.6443298969072170,0.5373134328358210,4.62,,,
4150,,,,,,,0.7268041237113400,0.6865671641791050,12.85,0.6907216494845360,0.582089552238806,10.01,0.6237113402061860,0.6268656716417910,4.16,,,
4200,0.6649484536082470,0.5373134328358210,1.1,0.6804123711340210,0.6567164179104480,9.97,0.7216494845360830,0.6268656716417910,12.12,0.6958762886597940,0.6119402985074630,9.77,0.6701030927835050,0.5223880597014930,5.35,,,
4250,,,,,,,0.6958762886597940,0.6268656716417910,12.3,0.6701030927835050,0.6268656716417910,11.52,0.6752577319587630,0.5373134328358210,2.81,,,
4300,,,,,,,0.7268041237113400,0.5671641791044780,13.06,0.6958762886597940,0.6119402985074630,11.79,0.654639175257732,0.6119402985074630,5.33,,,
4350,,,,,,,0.7319587628865980,0.6417910447761190,12.54,0.6804123711340210,0.5970149253731340,11.08,0.6494845360824740,0.5970149253731340,6.04,,,
4400,0.6804123711340210,0.47761194029850700,0.09,0.711340206185567,0.5223880597014930,10.85,0.7216494845360830,0.6268656716417910,11.81,0.6907216494845360,0.6417910447761190,10.42,0.6649484536082470,0.5373134328358210,6.68,,,
4450,,,,,,,0.7164948453608250,0.746268656716418,13.26,0.7164948453608250,0.6417910447761190,10.98,0.6804123711340210,0.5373134328358210,6.47,,,
4500,,,,,,,0.7164948453608250,0.6417910447761190,12.94,0.7216494845360830,0.5223880597014930,10.31,0.6752577319587630,0.582089552238806,5.96,,,
4550,,,,,,,0.7216494845360830,0.5970149253731340,13.64,0.7061855670103090,0.582089552238806,10.25,0.6804123711340210,0.5522388059701490,5.19,,,
4600,0.6649484536082470,0.47761194029850700,2.62,0.7164948453608250,0.5671641791044780,12.07,0.7319587628865980,0.5970149253731340,15.53,0.7010309278350520,0.6268656716417910,10.56,0.6701030927835050,0.47761194029850700,5.48,,,
4650,,,,,,,0.7268041237113400,0.6119402985074630,13.15,0.6958762886597940,0.6268656716417910,11.13,0.6907216494845360,0.582089552238806,5.64,,,
4700,,,,,,,0.7061855670103090,0.6865671641791050,12.34,0.6958762886597940,0.6119402985074630,10.38,0.654639175257732,0.582089552238806,5.5,,,
4750,,,,,,,0.7268041237113400,0.6567164179104480,10.29,0.711340206185567,0.6119402985074630,9.99,0.711340206185567,0.5373134328358210,5.4,,,
4800,0.6701030927835050,0.5373134328358210,4.35,0.7577319587628870,0.5970149253731340,14.15,0.7268041237113400,0.582089552238806,13.48,0.7061855670103090,0.6119402985074630,10.34,0.6907216494845360,0.6119402985074630,5.58,,,
4824,,,,,,,,,,0.7061855670103090,0.6417910447761190,10.25,,,,,,
4850,,,,,,,0.7268041237113400,0.6268656716417910,11.34,,,,0.6494845360824740,0.5223880597014930,5.55,,,
4900,,,,,,,0.7319587628865980,0.6268656716417910,13.24,,,,0.6804123711340210,0.582089552238806,4.02,,,
4950,,,,,,,0.7061855670103090,0.5522388059701490,15.02,,,,0.6804123711340210,0.5522388059701490,5.58,,,
5000,0.634020618556701,0.4925373134328360,4.23,0.7474226804123710,0.5671641791044780,14.08,0.7268041237113400,0.5522388059701490,14.48,,,,0.6494845360824740,0.5373134328358210,4.74,,,
5050,,,,,,,0.7371134020618560,0.6119402985074630,10.64,,,,0.6804123711340210,0.5223880597014930,6.12,,,
5100,,,,,,,0.7216494845360830,0.6268656716417910,12.45,,,,0.7010309278350520,0.5373134328358210,4.75,,,
5150,,,,,,,0.7216494845360830,0.6417910447761190,13.51,,,,0.6855670103092780,0.47761194029850700,6.31,,,
5200,0.6907216494845360,0.5522388059701490,4.65,0.7319587628865980,0.5671641791044780,12.6,0.7010309278350520,0.6119402985074630,13.85,,,,0.7010309278350520,0.5074626865671640,4.67,,,
5250,,,,,,,0.7164948453608250,0.6417910447761190,14.44,,,,0.7010309278350520,0.5522388059701490,5.09,,,
5300,,,,,,,0.7010309278350520,0.6865671641791050,14.58,,,,0.6907216494845360,0.5671641791044780,5.61,,,
5350,,,,,,,0.7164948453608250,0.6567164179104480,14.29,,,,0.6701030927835050,0.582089552238806,6.47,,,
5400,0.7319587628865980,0.4925373134328360,2.97,0.7680412371134020,0.6417910447761190,13.16,0.7371134020618560,0.7014925373134330,15.28,,,,0.6804123711340210,0.5671641791044780,5.47,,,
5450,,,,,,,0.7164948453608250,0.6716417910447760,14.38,,,,0.6907216494845360,0.5522388059701490,6.09,,,
5500,,,,,,,0.6855670103092780,0.7313432835820900,11.02,,,,0.6649484536082470,0.6119402985074630,6.36,,,
5550,,,,,,,0.7061855670103090,0.6865671641791050,15.05,,,,0.6752577319587630,0.5223880597014930,6.04,,,
5600,0.7061855670103090,0.5223880597014930,3.94,0.7164948453608250,0.6417910447761190,13.79,0.7319587628865980,0.6567164179104480,15.12,,,,0.654639175257732,0.5970149253731340,7.3,,,
5650,,,,,,,0.7268041237113400,0.7014925373134330,15.68,,,,0.6855670103092780,0.5522388059701490,6.63,,,
5700,,,,,,,0.7164948453608250,0.6865671641791050,13.77,,,,0.6649484536082470,0.6567164179104480,7.47,,,
5750,,,,,,,0.7061855670103090,0.6268656716417910,14.81,,,,0.6907216494845360,0.5671641791044780,7.9,,,
5800,0.7061855670103090,0.582089552238806,3.91,0.7525773195876290,0.6268656716417910,13.49,0.7216494845360830,0.7611940298507460,13.94,,,,0.7061855670103090,0.5671641791044780,9.89,,,
5850,,,,,,,0.711340206185567,0.7014925373134330,17.25,,,,0.6855670103092780,0.5522388059701490,7.27,,,
5900,,,,,,,0.7164948453608250,0.6865671641791050,15.65,,,,0.6855670103092780,0.5522388059701490,8.05,,,
5950,,,,,,,0.7164948453608250,0.6119402985074630,15.57,,,,0.6855670103092780,0.5970149253731340,5.53,,,
6000,0.7010309278350520,0.5671641791044780,5.86,0.7371134020618560,0.6119402985074630,15.59,0.7319587628865980,0.5970149253731340,15.53,,,,0.7010309278350520,0.6268656716417910,7.03,,,
6050,,,,,,,0.7422680412371130,0.7313432835820900,14.69,,,,0.711340206185567,0.5970149253731340,7.96,,,
6100,,,,,,,0.7164948453608250,0.5970149253731340,17.37,,,,0.7010309278350520,0.6119402985074630,8.88,,,
6150,,,,,,,0.7319587628865980,0.582089552238806,15.62,,,,0.7061855670103090,0.5970149253731340,7.67,,,
6200,0.7216494845360830,0.5223880597014930,5.61,0.7680412371134020,0.6268656716417910,14.56,0.711340206185567,0.6716417910447760,14.19,,,,0.7164948453608250,0.5970149253731340,7.46,,,
6250,,,,,,,0.7216494845360830,0.7164179104477610,14.24,,,,0.6855670103092780,0.582089552238806,9.01,,,
6300,,,,,,,0.7422680412371130,0.6567164179104480,14.72,,,,0.7164948453608250,0.6567164179104480,6.77,,,
6350,,,,,,,0.7474226804123710,0.6268656716417910,15.69,,,,0.7319587628865980,0.5970149253731340,5.66,,,
6400,0.6855670103092780,0.5373134328358210,4.47,0.7422680412371130,0.6567164179104480,14.37,0.7216494845360830,0.7164179104477610,16.07,,,,0.7216494845360830,0.6417910447761190,8.83,,,
6450,,,,,,,0.7319587628865980,0.6716417910447760,12.25,,,,0.7061855670103090,0.6268656716417910,7.55,,,
6500,,,,,,,0.7371134020618560,0.6716417910447760,12.87,,,,0.7216494845360830,0.5671641791044780,8.01,,,
6550,,,,,,,0.7319587628865980,0.7313432835820900,14.89,,,,0.7319587628865980,0.582089552238806,8.6,,,
6600,0.6443298969072170,0.5671641791044780,0.97,0.7474226804123710,0.6119402985074630,13.35,0.7474226804123710,0.6417910447761190,17,,,,0.7268041237113400,0.6268656716417910,7.66,,,
6650,,,,,,,0.7371134020618560,0.6716417910447760,17.25,,,,0.7010309278350520,0.6268656716417910,8.9,,,
6700,,,,,,,0.7577319587628870,0.7014925373134330,16.31,,,,0.6958762886597940,0.6417910447761190,8.17,,,
6750,,,,,,,0.711340206185567,0.6865671641791050,17.78,,,,0.6907216494845360,0.6119402985074630,6.76,,,
6800,0.6752577319587630,0.6268656716417910,2.22,0.7474226804123710,0.5970149253731340,15.5,0.7422680412371130,0.6865671641791050,16.49,,,,0.6855670103092780,0.6268656716417910,10.01,,,
6850,,,,,,,0.7422680412371130,0.6119402985074630,15.72,,,,0.6907216494845360,0.6716417910447760,6.01,,,
6900,,,,,,,0.7577319587628870,0.6716417910447760,16.55,,,,0.7010309278350520,0.6268656716417910,9.66,,,
6950,,,,,,,0.7474226804123710,0.6865671641791050,14.7,,,,0.6958762886597940,0.6716417910447760,9.83,,,
7000,0.7216494845360830,0.47761194029850700,3.57,0.7680412371134020,0.582089552238806,14.5,0.7371134020618560,0.6865671641791050,14.28,,,,0.7216494845360830,0.6567164179104480,10.91,,,
7050,,,,,,,0.7628865979381440,0.6567164179104480,15.69,,,,0.7371134020618560,0.6865671641791050,10.73,,,
7100,,,,,,,0.7319587628865980,0.6865671641791050,15.52,,,,0.7216494845360830,0.7014925373134330,9.57,,,
7150,,,,,,,0.7422680412371130,0.7164179104477610,16.38,,,,0.7216494845360830,0.6417910447761190,9.03,,,
7200,0.711340206185567,0.582089552238806,0.72,0.7628865979381440,0.582089552238806,15.31,0.7268041237113400,0.7164179104477610,16.98,,,,0.711340206185567,0.6716417910447760,9.71,,,
7250,,,,,,,0.7216494845360830,0.7164179104477610,15.66,,,,0.7010309278350520,0.6119402985074630,9.44,,,
7300,,,,,,,0.7319587628865980,0.7014925373134330,17.27,,,,0.7010309278350520,0.6716417910447760,11.03,,,
7350,,,,,,,0.7319587628865980,0.7014925373134330,17.34,,,,0.7216494845360830,0.6417910447761190,8.97,,,
7400,0.7371134020618560,0.5522388059701490,1.27,0.7525773195876290,0.6417910447761190,15.31,0.7422680412371130,0.6268656716417910,17.2,,,,0.7371134020618560,0.6567164179104480,8.45,,,
7450,,,,,,,0.7422680412371130,0.7164179104477610,17.48,,,,0.7164948453608250,0.7014925373134330,8.29,,,
7500,,,,,,,0.7474226804123710,0.6865671641791050,16.46,,,,0.711340206185567,0.6268656716417910,8.28,,,
7550,,,,,,,0.7422680412371130,0.6417910447761190,16.63,,,,0.7422680412371130,0.6417910447761190,9.5,,,
7600,0.7216494845360830,0.6567164179104480,2.26,0.7731958762886600,0.6716417910447760,16.4,0.7577319587628870,0.746268656716418,16.57,,,,0.711340206185567,0.6268656716417910,11.4,,,
7650,,,,,,,0.7680412371134020,0.6865671641791050,16.28,,,,0.7319587628865980,0.6716417910447760,11,,,
7700,,,,,,,0.7371134020618560,0.7014925373134330,16.1,,,,0.711340206185567,0.7014925373134330,10.13,,,
7750,,,,,,,0.7422680412371130,0.6268656716417910,15.79,,,,0.6958762886597940,0.6716417910447760,8.9,,,
7800,0.711340206185567,0.5522388059701490,3.03,0.7628865979381440,0.5970149253731340,17.5,0.7474226804123710,0.7313432835820900,16.69,,,,0.7010309278350520,0.6417910447761190,12.7,,,
7850,,,,,,,0.7422680412371130,0.6865671641791050,16.2,,,,0.7216494845360830,0.6268656716417910,11.35,,,
7900,,,,,,,0.7371134020618560,0.6417910447761190,15.5,,,,0.711340206185567,0.6567164179104480,10.05,,,
7950,,,,,,,0.7474226804123710,0.7313432835820900,16.39,,,,0.711340206185567,0.6567164179104480,9.81,,,
8000,0.711340206185567,0.6417910447761190,8.43,0.7783505154639180,0.6716417910447760,16.32,0.7422680412371130,0.6417910447761190,15.85,,,,0.6958762886597940,0.6119402985074630,10.1,,,
8050,,,,,,,0.7371134020618560,0.6716417910447760,14.34,,,,0.7164948453608250,0.6567164179104480,10.33,,,
8100,,,,,,,0.7783505154639180,0.6716417910447760,18.19,,,,0.7164948453608250,0.6119402985074630,10.76,,,
8150,,,,,,,0.7422680412371130,0.6865671641791050,18.58,,,,0.7010309278350520,0.6268656716417910,10.63,,,
8200,0.6855670103092780,0.5373134328358210,8.96,0.7680412371134020,0.582089552238806,15.82,0.7577319587628870,0.7164179104477610,16.18,,,,0.7216494845360830,0.6567164179104480,8.91,,,
8250,,,,,,,0.7628865979381440,0.7014925373134330,16.9,,,,0.7371134020618560,0.6417910447761190,10.22,,,
8300,,,,,,,0.7577319587628870,0.746268656716418,16.74,,,,0.7319587628865980,0.6567164179104480,9.78,,,
8350,,,,,,,0.7628865979381440,0.7313432835820900,15.98,,,,0.7319587628865980,0.582089552238806,10.4,,,
8400,0.7164948453608250,0.6865671641791050,7.24,0.7731958762886600,0.6567164179104480,19.06,0.7474226804123710,0.6716417910447760,18.54,,,,0.7216494845360830,0.6417910447761190,11.14,,,
8450,,,,,,,0.7525773195876290,0.6716417910447760,17.69,,,,0.7474226804123710,0.6268656716417910,12.98,,,
8500,,,,,,,0.7525773195876290,0.6865671641791050,17.51,,,,0.7371134020618560,0.6417910447761190,11.19,,,
8550,,,,,,,0.7577319587628870,0.7313432835820900,16.84,,,,0.7061855670103090,0.6119402985074630,10.28,,,
8600,0.7216494845360830,0.6865671641791050,6.03,0.7731958762886600,0.6865671641791050,21.14,0.7371134020618560,0.7014925373134330,16.77,,,,0.7268041237113400,0.6567164179104480,9.75,,,
8650,,,,,,,0.7577319587628870,0.7313432835820900,15.43,,,,0.7371134020618560,0.6268656716417910,9.6,,,
8700,,,,,,,0.7577319587628870,0.6865671641791050,18.31,,,,0.7422680412371130,0.6567164179104480,10.28,,,
8750,,,,,,,0.7474226804123710,0.7164179104477610,17.89,,,,0.7319587628865980,0.6716417910447760,12.47,,,
8800,0.7010309278350520,0.6417910447761190,7.17,0.7680412371134020,0.6716417910447760,16.28,0.7577319587628870,0.7164179104477610,16.82,,,,0.7268041237113400,0.6567164179104480,11.16,,,
8850,,,,,,,0.7577319587628870,0.746268656716418,18.21,,,,0.7371134020618560,0.6119402985074630,11.16,,,
8900,,,,,,,0.7731958762886600,0.6716417910447760,17.41,,,,0.7164948453608250,0.6567164179104480,13.04,,,
8950,,,,,,,0.7680412371134020,0.7164179104477610,16.25,,,,0.7216494845360830,0.6716417910447760,11.4,,,
9000,0.7474226804123710,0.7164179104477610,3.39,0.7680412371134020,0.6417910447761190,15.85,0.7731958762886600,0.6716417910447760,19.57,,,,0.7577319587628870,0.6865671641791050,12.09,,,
9050,,,,,,,0.7680412371134020,0.6865671641791050,18.5,,,,0.7474226804123710,0.6865671641791050,12.26,,,
9100,,,,,,,0.7628865979381440,0.7761194029850750,18.46,,,,0.7268041237113400,0.6417910447761190,12.6,,,
9150,,,,,,,0.7628865979381440,0.6865671641791050,19.93,,,,0.7216494845360830,0.6716417910447760,11.7,,,
9200,0.7474226804123710,0.6865671641791050,6.05,0.7731958762886600,0.7014925373134330,18.15,0.7422680412371130,0.7164179104477610,18.95,,,,0.7628865979381440,0.6716417910447760,11.71,,,
9250,,,,,,,0.7422680412371130,0.7164179104477610,19.6,,,,0.7319587628865980,0.7014925373134330,12.88,,,
9300,,,,,,,0.7628865979381440,0.7611940298507460,18.52,,,,0.7268041237113400,0.6268656716417910,9.93,,,
9350,,,,,,,0.7577319587628870,0.7611940298507460,18.86,,,,0.7268041237113400,0.6716417910447760,10.74,,,
9400,0.7525773195876290,0.6268656716417910,8.02,0.7628865979381440,0.6865671641791050,17.77,0.7731958762886600,0.6865671641791050,20.42,,,,0.7268041237113400,0.6119402985074630,14.36,,,
9450,,,,,,,0.7525773195876290,0.7014925373134330,18.45,,,,0.7525773195876290,0.6417910447761190,14.19,,,
9500,,,,,,,0.7783505154639180,0.7014925373134330,18.73,,,,0.7371134020618560,0.7313432835820900,14.45,,,
9550,,,,,,,0.7680412371134020,0.7164179104477610,18.11,,,,0.7474226804123710,0.6716417910447760,14.61,,,
9600,0.7216494845360830,0.5970149253731340,10.07,0.7628865979381440,0.7014925373134330,19.37,0.7577319587628870,0.6716417910447760,18.97,,,,0.7371134020618560,0.5970149253731340,13.46,,,
9650,,,,,,,0.7422680412371130,0.7014925373134330,18.74,,,,0.7319587628865980,0.6417910447761190,12.03,,,
9700,,,,,,,0.7371134020618560,0.7164179104477610,17.7,,,,0.7371134020618560,0.6119402985074630,11.97,,,
9750,,,,,,,0.7628865979381440,0.7164179104477610,19.7,,,,0.7268041237113400,0.6716417910447760,12.53,,,
9800,0.7164948453608250,0.5970149253731340,7.45,0.7628865979381440,0.6716417910447760,17.75,0.7422680412371130,0.7313432835820900,20.96,,,,0.7216494845360830,0.6865671641791050,13.81,,,
9850,,,,,,,0.7474226804123710,0.7611940298507460,18.68,,,,0.7525773195876290,0.7164179104477610,15.01,,,
9900,,,,,,,0.7731958762886600,0.7313432835820900,20.37,,,,0.7422680412371130,0.7014925373134330,15.08,,,
9950,,,,,,,0.7371134020618560,0.7164179104477610,19.06,,,,0.7319587628865980,0.7014925373134330,12.86,,,
10000,0.7577319587628870,0.6865671641791050,9.35,0.7525773195876290,0.6865671641791050,17.41,0.7422680412371130,0.7313432835820900,20.16,,,,0.7061855670103090,0.7313432835820900,12.07,,,
10050,,,,,,,0.7577319587628870,0.7014925373134330,21.21,,,,0.7319587628865980,0.7014925373134330,12.2,,,
10100,,,,,,,0.7422680412371130,0.7014925373134330,21.26,,,,0.7371134020618560,0.6417910447761190,12.15,,,
10150,,,,,,,0.7422680412371130,0.7611940298507460,19,,,,0.7525773195876290,0.6716417910447760,13.09,,,
10200,0.7216494845360830,0.5970149253731340,7.97,0.7938144329896910,0.7164179104477610,19.38,0.7628865979381440,0.7014925373134330,19.62,,,,0.7371134020618560,0.6865671641791050,14.23,,,
10250,,,,,,,0.7835051546391750,0.7611940298507460,18.4,,,,0.7371134020618560,0.6865671641791050,12.76,,,
10300,,,,,,,0.7628865979381440,0.7611940298507460,21.01,,,,0.7371134020618560,0.7014925373134330,12.81,,,
10350,,,,,,,0.7525773195876290,0.7313432835820900,19.32,,,,0.7371134020618560,0.7313432835820900,14.12,,,
10400,0.7525773195876290,0.7014925373134330,10.4,0.7731958762886600,0.7014925373134330,18.94,0.7628865979381440,0.7910447761194030,20.2,,,,0.7164948453608250,0.7014925373134330,13.83,,,
10450,,,,,,,0.7422680412371130,0.7761194029850750,17.89,,,,0.7319587628865980,0.6865671641791050,14.41,,,
10500,,,,,,,0.7577319587628870,0.7611940298507460,22.15,,,,0.7474226804123710,0.6567164179104480,13.93,,,
10550,,,,,,,0.7422680412371130,0.7014925373134330,18.62,,,,0.7319587628865980,0.6865671641791050,12.6,,,
10600,0.7474226804123710,0.7313432835820900,9.32,0.7731958762886600,0.6865671641791050,18.85,0.7628865979381440,0.7313432835820900,21.88,,,,0.7474226804123710,0.6716417910447760,14.39,,,
10650,,,,,,,0.7525773195876290,0.7313432835820900,18.97,,,,0.7577319587628870,0.7014925373134330,15.17,,,
10700,,,,,,,0.788659793814433,0.7761194029850750,17.12,,,,0.7525773195876290,0.7164179104477610,15.33,,,
10750,,,,,,,0.7525773195876290,0.6865671641791050,19.69,,,,0.7577319587628870,0.7611940298507460,12.42,,,
10800,0.7577319587628870,0.6119402985074630,9.47,0.7938144329896910,0.746268656716418,18.81,0.7680412371134020,0.7164179104477610,19.19,,,,0.7474226804123710,0.6865671641791050,15.24,,,
10850,,,,,,,0.7577319587628870,0.6865671641791050,21.18,,,,0.7577319587628870,0.6417910447761190,15.3,,,
10900,,,,,,,0.7525773195876290,0.7611940298507460,20.12,,,,0.7422680412371130,0.6716417910447760,14.95,,,
10950,,,,,,,0.7577319587628870,0.7313432835820900,17.15,,,,0.7474226804123710,0.7164179104477610,13.74,,,
11000,0.7474226804123710,0.6716417910447760,6.56,0.7938144329896910,0.6567164179104480,20.12,0.7577319587628870,0.746268656716418,20.25,,,,0.7525773195876290,0.6865671641791050,14.92,,,
11050,,,,,,,0.7783505154639180,0.6716417910447760,17.48,,,,0.7628865979381440,0.6567164179104480,15.35,,,
11100,,,,,,,0.7731958762886600,0.7611940298507460,20.62,,,,0.7680412371134020,0.6268656716417910,14.26,,,
11150,,,,,,,0.7783505154639180,0.7313432835820900,20.65,,,,0.7680412371134020,0.6865671641791050,15.2,,,
11200,0.7371134020618560,0.6716417910447760,4.7,0.8195876288659790,0.7164179104477610,19.27,0.7835051546391750,0.746268656716418,21.43,,,,0.7577319587628870,0.6865671641791050,14.51,,,
11250,,,,,,,0.7577319587628870,0.746268656716418,19.32,,,,0.7422680412371130,0.7164179104477610,14.77,,,
11300,,,,,,,0.7628865979381440,0.7014925373134330,17.55,,,,0.7474226804123710,0.7164179104477610,14.44,,,
11350,,,,,,,0.7835051546391750,0.7164179104477610,18.42,,,,0.7783505154639180,0.7164179104477610,15.31,,,
11400,0.7422680412371130,0.7313432835820900,7.34,0.7989690721649490,0.7164179104477610,17.85,0.7680412371134020,0.7313432835820900,18.93,,,,0.7628865979381440,0.7014925373134330,16.39,,,
11450,,,,,,,0.7938144329896910,0.7761194029850750,19.76,,,,0.7371134020618560,0.6865671641791050,15.14,,,
11500,,,,,,,0.7731958762886600,0.746268656716418,17.76,,,,0.7422680412371130,0.7164179104477610,15.04,,,
11550,,,,,,,0.7628865979381440,0.746268656716418,22.02,,,,0.7628865979381440,0.7761194029850750,13.73,,,
11600,0.7371134020618560,0.7164179104477610,6.47,0.8092783505154640,0.746268656716418,18.45,0.7731958762886600,0.7611940298507460,21.39,,,,0.7628865979381440,0.6716417910447760,14.32,,,
11650,,,,,,,0.7525773195876290,0.7313432835820900,21.39,,,,0.7628865979381440,0.7313432835820900,15,,,
11700,,,,,,,0.7731958762886600,0.746268656716418,20.62,,,,0.7680412371134020,0.7014925373134330,15.81,,,
11750,,,,,,,0.7628865979381440,0.7611940298507460,20.73,,,,0.7783505154639180,0.746268656716418,15.36,,,
11800,0.7422680412371130,0.7164179104477610,6.34,0.8144329896907220,0.7611940298507460,17.38,0.7577319587628870,0.7611940298507460,22.8,,,,0.7628865979381440,0.746268656716418,15.16,,,
11850,,,,,,,0.7731958762886600,0.7761194029850750,21.87,,,,0.7525773195876290,0.7164179104477610,14.21,,,
11900,,,,,,,0.7731958762886600,0.7164179104477610,21.46,,,,0.7680412371134020,0.7313432835820900,16.53,,,
11950,,,,,,,0.7731958762886600,0.7761194029850750,22.07,,,,0.7628865979381440,0.7014925373134330,15.5,,,
12000,0.7061855670103090,0.7611940298507460,7.41,0.7989690721649490,0.7611940298507460,22.03,0.7731958762886600,0.746268656716418,21.26,,,,0.7474226804123710,0.7164179104477610,14.15,,,
12050,,,,,,,0.7783505154639180,0.7611940298507460,20.79,,,,0.7731958762886600,0.7313432835820900,14.73,,,
12100,,,,,,,0.7731958762886600,0.746268656716418,22.2,,,,0.7835051546391750,0.746268656716418,15.41,,,
12150,,,,,,,0.7835051546391750,0.7313432835820900,20.49,,,,0.7680412371134020,0.7164179104477610,15.25,,,
12200,0.7525773195876290,0.7014925373134330,9,0.7783505154639180,0.8059701492537310,20.6,0.7680412371134020,0.6417910447761190,19.97,,,,0.7680412371134020,0.7164179104477610,14.73,,,
12250,,,,,,,0.788659793814433,0.7313432835820900,20.58,,,,0.7835051546391750,0.746268656716418,15.76,,,
12300,,,,,,,0.7731958762886600,0.7164179104477610,20.99,,,,0.7680412371134020,0.7313432835820900,13.59,,,
12350,,,,,,,0.7680412371134020,0.7313432835820900,22.47,,,,0.7577319587628870,0.7014925373134330,14.61,,,
12400,0.7628865979381440,0.6268656716417910,10.47,0.7989690721649490,0.7611940298507460,20.29,0.7680412371134020,0.7164179104477610,21.33,,,,0.7628865979381440,0.746268656716418,14.45,,,
12450,,,,,,,0.7680412371134020,0.7313432835820900,21.31,,,,0.7577319587628870,0.7164179104477610,15.26,,,
12500,,,,,,,0.7680412371134020,0.7014925373134330,20.58,,,,0.7577319587628870,0.7014925373134330,16.91,,,
12550,,,,,,,0.7938144329896910,0.7014925373134330,20.23,,,,0.7474226804123710,0.7014925373134330,14.41,,,
12600,0.7216494845360830,0.6417910447761190,7.06,0.7989690721649490,0.7611940298507460,22.87,0.7989690721649490,0.7014925373134330,21.53,,,,0.7371134020618560,0.7164179104477610,15.92,,,
12650,,,,,,,0.8041237113402060,0.7313432835820900,19.7,,,,0.7628865979381440,0.746268656716418,15.93,,,
12700,,,,,,,0.7835051546391750,0.746268656716418,22.36,,,,0.7628865979381440,0.7313432835820900,16.09,,,
12750,,,,,,,0.788659793814433,0.7761194029850750,20.43,,,,0.7680412371134020,0.746268656716418,15.04,,,
12800,0.7680412371134020,0.7014925373134330,6.07,0.788659793814433,0.746268656716418,23.15,0.7835051546391750,0.746268656716418,20.98,,,,0.7835051546391750,0.7164179104477610,16.7,,,
12850,,,,,,,0.7989690721649490,0.7761194029850750,21.69,,,,0.7783505154639180,0.746268656716418,15.84,,,
12900,,,,,,,0.7783505154639180,0.7611940298507460,21.98,,,,0.7731958762886600,0.7313432835820900,16.17,,,
12950,,,,,,,0.7835051546391750,0.7014925373134330,20.78,,,,0.7628865979381440,0.7014925373134330,16.16,,,
13000,0.7731958762886600,0.7164179104477610,10.14,0.7835051546391750,0.6865671641791050,21.43,0.7680412371134020,0.7164179104477610,19.9,,,,0.7835051546391750,0.746268656716418,14.94,,,
13050,,,,,,,0.7783505154639180,0.7164179104477610,21.96,,,,0.7783505154639180,0.7164179104477610,16.95,,,
13100,,,,,,,0.7783505154639180,0.746268656716418,20.46,,,,0.7680412371134020,0.746268656716418,16.67,,,
13150,,,,,,,0.7989690721649490,0.746268656716418,22.96,,,,0.7835051546391750,0.7611940298507460,15.77,,,
13200,0.7525773195876290,0.6417910447761190,8.48,0.8092783505154640,0.7164179104477610,22.04,0.788659793814433,0.7761194029850750,21.84,,,,0.7628865979381440,0.7313432835820900,14.5,,,
13250,,,,,,,0.7783505154639180,0.7164179104477610,20.97,,,,0.7783505154639180,0.746268656716418,16.57,,,
13300,,,,,,,0.8041237113402060,0.7611940298507460,21.96,,,,0.7835051546391750,0.7313432835820900,17.49,,,
13350,,,,,,,0.7835051546391750,0.6268656716417910,22.88,,,,0.7783505154639180,0.7761194029850750,17.19,,,
13400,0.7474226804123710,0.6865671641791050,2.87,0.7989690721649490,0.7313432835820900,21.87,0.7783505154639180,0.746268656716418,18.72,,,,0.7731958762886600,0.746268656716418,17.14,,,
13450,,,,,,,0.788659793814433,0.7313432835820900,22.11,,,,0.7835051546391750,0.746268656716418,16.86,,,
13500,,,,,,,0.7938144329896910,0.7014925373134330,23.47,,,,0.7783505154639180,0.7164179104477610,15.35,,,
13550,,,,,,,0.7783505154639180,0.7164179104477610,20.71,,,,0.7680412371134020,0.7313432835820900,15.68,,,
13600,0.7680412371134020,0.6716417910447760,7.51,0.7989690721649490,0.7761194029850750,20.51,0.7835051546391750,0.7611940298507460,21.87,,,,0.7835051546391750,0.746268656716418,15.34,,,
13650,,,,,,,0.7783505154639180,0.7761194029850750,20.73,,,,0.7680412371134020,0.7313432835820900,16.21,,,
13700,,,,,,,0.7680412371134020,0.7611940298507460,21.69,,,,0.7680412371134020,0.7313432835820900,15.64,,,
13750,,,,,,,0.8041237113402060,0.7164179104477610,20.65,,,,0.7731958762886600,0.746268656716418,15.92,,,
13800,0.7731958762886600,0.7164179104477610,10.48,0.8041237113402060,0.7014925373134330,23.84,0.7989690721649490,0.7164179104477610,21.47,,,,0.7783505154639180,0.7164179104477610,15.04,,,
13850,,,,,,,0.8092783505154640,0.6865671641791050,22.2,,,,0.7680412371134020,0.7164179104477610,14.95,,,
13900,,,,,,,0.7989690721649490,0.7313432835820900,21.93,,,,0.788659793814433,0.746268656716418,15.11,,,
13950,,,,,,,0.8092783505154640,0.746268656716418,21.98,,,,0.7783505154639180,0.7313432835820900,15.1,,,
14000,0.7319587628865980,0.6567164179104480,9.13,0.7938144329896910,0.7761194029850750,23.86,0.8144329896907220,0.7611940298507460,20.25,,,,0.7783505154639180,0.7313432835820900,14.57,,,
14050,,,,,,,0.8041237113402060,0.7164179104477610,20.03,,,,0.788659793814433,0.7313432835820900,14.21,,,
14100,,,,,,,0.7938144329896910,0.7611940298507460,22.72,,,,0.788659793814433,0.7313432835820900,14.35,,,
14150,,,,,,,0.8041237113402060,0.7313432835820900,21.04,,,,0.788659793814433,0.7313432835820900,14.4,,,
14200,0.7628865979381440,0.6716417910447760,10.85,0.7835051546391750,0.7761194029850750,20.66,0.7938144329896910,0.7313432835820900,23.19,,,,0.788659793814433,0.7313432835820900,14.37,,,
14250,,,,,,,0.788659793814433,0.7611940298507460,21.86,,,,0.788659793814433,0.7164179104477610,14.71,,,
14300,,,,,,,0.7835051546391750,0.7761194029850750,23.22,,,,0.7938144329896910,0.7313432835820900,14.73,,,
14332,,,,,,,,,,,,,0.7216494845360830,0.7611940298507460,14.42,,,
14350,,,,,,,0.7938144329896910,0.7611940298507460,21.78,,,,,,,,,
14400,0.7319587628865980,0.7313432835820900,10.11,0.7783505154639180,0.8208955223880600,22.79,0.788659793814433,0.7910447761194030,23.38,,,,,,,,,
14450,,,,,,,0.7989690721649490,0.7313432835820900,24.25,,,,,,,,,
14500,,,,,,,0.7938144329896910,0.7611940298507460,24.18,,,,,,,,,
14550,,,,,,,0.7731958762886600,0.7313432835820900,22.99,,,,,,,,,
14600,0.7474226804123710,0.7164179104477610,12.2,0.7835051546391750,0.7910447761194030,22.34,0.7783505154639180,0.7761194029850750,23.15,,,,,,,,,
14650,,,,,,,0.7835051546391750,0.746268656716418,23.85,,,,,,,,,
14700,,,,,,,0.7835051546391750,0.7313432835820900,22.76,,,,,,,,,
14750,,,,,,,0.7783505154639180,0.7611940298507460,22.59,,,,,,,,,
14800,0.7628865979381440,0.7014925373134330,14.31,0.8092783505154640,0.746268656716418,21.34,0.7835051546391750,0.746268656716418,22.19,,,,,,,,,
14850,,,,,,,0.7938144329896910,0.7611940298507460,23.17,,,,,,,,,
14900,,,,,,,0.7628865979381440,0.7761194029850750,21.75,,,,,,,,,
14950,,,,,,,0.7835051546391750,0.7611940298507460,24.57,,,,,,,,,
15000,0.7422680412371130,0.7611940298507460,7.76,0.8144329896907220,0.746268656716418,22.04,0.7577319587628870,0.7761194029850750,21.76,,,,,,,,,
15050,,,,,,,0.8041237113402060,0.7761194029850750,24.4,,,,,,,,,
15100,,,,,,,0.7731958762886600,0.7611940298507460,22.65,,,,,,,,,
15150,,,,,,,0.788659793814433,0.7761194029850750,23.18,,,,,,,,,
15200,0.7783505154639180,0.7164179104477610,8.8,0.7783505154639180,0.8059701492537310,22.03,0.7783505154639180,0.7761194029850750,21.25,,,,,,,,,
15250,,,,,,,0.7989690721649490,0.7910447761194030,22.28,,,,,,,,,
15300,,,,,,,0.788659793814433,0.7164179104477610,23.49,,,,,,,,,
15350,,,,,,,0.8041237113402060,0.746268656716418,22.98,,,,,,,,,
15400,0.7731958762886600,0.7611940298507460,5.5,0.8092783505154640,0.6716417910447760,26.66,0.7938144329896910,0.7611940298507460,20.8,,,,,,,,,
15450,,,,,,,0.7989690721649490,0.746268656716418,22.45,,,,,,,,,
15500,,,,,,,0.788659793814433,0.746268656716418,23.58,,,,,,,,,
15550,,,,,,,0.7835051546391750,0.7611940298507460,22.32,,,,,,,,,
15600,0.7525773195876290,0.6865671641791050,5.28,0.8092783505154640,0.7313432835820900,23.4,0.7938144329896910,0.7761194029850750,23.41,,,,,,,,,
15650,,,,,,,0.7783505154639180,0.7910447761194030,23.82,,,,,,,,,
15700,,,,,,,0.7835051546391750,0.7611940298507460,22.21,,,,,,,,,
15750,,,,,,,0.8041237113402060,0.7164179104477610,23.94,,,,,,,,,
15800,0.7680412371134020,0.7313432835820900,11.07,0.7835051546391750,0.746268656716418,16.15,0.7835051546391750,0.7611940298507460,22.07,,,,,,,,,
15850,,,,,,,0.7938144329896910,0.7313432835820900,23.11,,,,,,,,,
15900,,,,,,,0.7938144329896910,0.7611940298507460,22.76,,,,,,,,,
15950,,,,,,,0.7938144329896910,0.7761194029850750,23.29,,,,,,,,,
16000,0.7680412371134020,0.7313432835820900,10.51,0.7731958762886600,0.7761194029850750,22.04,0.788659793814433,0.7313432835820900,22.41,,,,,,,,,
16050,,,,,,,0.7989690721649490,0.746268656716418,24.26,,,,,,,,,
16100,,,,,,,0.788659793814433,0.7761194029850750,24.38,,,,,,,,,
16150,,,,,,,0.7938144329896910,0.7910447761194030,23.62,,,,,,,,,
16200,0.7680412371134020,0.7761194029850750,14.76,0.788659793814433,0.7910447761194030,24.07,0.7938144329896910,0.8059701492537310,25.29,,,,,,,,,
16250,,,,,,,0.788659793814433,0.7761194029850750,23.67,,,,,,,,,
16300,,,,,,,0.7835051546391750,0.7761194029850750,24.51,,,,,,,,,
16350,,,,,,,0.7783505154639180,0.7611940298507460,23.24,,,,,,,,,
16400,0.7628865979381440,0.6268656716417910,11.87,0.8041237113402060,0.8208955223880600,22.53,0.8092783505154640,0.7611940298507460,25.86,,,,,,,,,
16450,,,,,,,0.8041237113402060,0.7910447761194030,23.03,,,,,,,,,
16500,,,,,,,0.8092783505154640,0.8059701492537310,24.54,,,,,,,,,
16550,,,,,,,0.8041237113402060,0.7910447761194030,23.5,,,,,,,,,
16600,0.7474226804123710,0.7164179104477610,13.23,0.788659793814433,0.7761194029850750,23.3,0.7989690721649490,0.7910447761194030,25.2,,,,,,,,,
16650,,,,,,,0.7989690721649490,0.7761194029850750,25.64,,,,,,,,,
16700,,,,,,,0.7938144329896910,0.7910447761194030,24.73,,,,,,,,,
16750,,,,,,,0.7835051546391750,0.7611940298507460,21.77,,,,,,,,,
16800,0.7835051546391750,0.7611940298507460,12.72,0.7783505154639180,0.7761194029850750,23.04,0.7835051546391750,0.7761194029850750,24.52,,,,,,,,,
16850,,,,,,,0.788659793814433,0.8059701492537310,23.36,,,,,,,,,
16900,,,,,,,0.7938144329896910,0.7910447761194030,22.94,,,,,,,,,
16950,,,,,,,0.788659793814433,0.7761194029850750,23.2,,,,,,,,,
17000,0.7680412371134020,0.7611940298507460,9.62,0.7731958762886600,0.8059701492537310,23.25,0.788659793814433,0.7761194029850750,25.2,,,,,,,,,
17050,,,,,,,0.7938144329896910,0.7761194029850750,24.41,,,,,,,,,
17100,,,,,,,0.7835051546391750,0.7910447761194030,23.99,,,,,,,,,
17150,,,,,,,0.7783505154639180,0.7910447761194030,23.42,,,,,,,,,
17200,0.7268041237113400,0.7611940298507460,10.76,0.8041237113402060,0.7611940298507460,22.02,0.7835051546391750,0.7910447761194030,23.58,,,,,,,,,
17250,,,,,,,0.7835051546391750,0.8059701492537310,25.04,,,,,,,,,
17300,,,,,,,0.7835051546391750,0.7910447761194030,23.53,,,,,,,,,
17350,,,,,,,0.7835051546391750,0.7910447761194030,25.17,,,,,,,,,
17400,0.7216494845360830,0.7611940298507460,10.51,0.8144329896907220,0.7611940298507460,23.97,0.7938144329896910,0.7761194029850750,24.17,,,,,,,,,
17450,,,,,,,0.7938144329896910,0.8059701492537310,24.85,,,,,,,,,
17500,,,,,,,0.788659793814433,0.7910447761194030,24.07,,,,,,,,,
17550,,,,,,,0.788659793814433,0.7910447761194030,23.63,,,,,,,,,
17600,0.7628865979381440,0.746268656716418,12.41,0.8092783505154640,0.7611940298507460,25.02,0.788659793814433,0.7910447761194030,23.64,,,,,,,,,
17650,,,,,,,0.788659793814433,0.7910447761194030,23.24,,,,,,,,,
17700,,,,,,,0.788659793814433,0.7910447761194030,24.14,,,,,,,,,
17750,,,,,,,0.788659793814433,0.8059701492537310,24.36,,,,,,,,,
17784,,,,,,,0.7938144329896910,0.7611940298507460,24.15,,,,,,,,,
17800,0.7680412371134020,0.7164179104477610,10.66,0.7783505154639180,0.7761194029850750,24.26,,,,,,,,,,,,
18000,0.7628865979381440,0.7910447761194030,15.53,0.7938144329896910,0.7910447761194030,23.78,,,,,,,,,,,,
18200,0.7268041237113400,0.7014925373134330,15.19,0.8092783505154640,0.7761194029850750,23.3,,,,,,,,,,,,
18400,0.7680412371134020,0.7910447761194030,10.4,0.8041237113402060,0.8059701492537310,24.31,,,,,,,,,,,,
18600,0.7474226804123710,0.8059701492537310,9.31,0.788659793814433,0.7611940298507460,25.64,,,,,,,,,,,,
18800,0.7474226804123710,0.6865671641791050,12.06,0.7938144329896910,0.7761194029850750,25.19,,,,,,,,,,,,
19000,0.7628865979381440,0.7014925373134330,11.46,0.7938144329896910,0.835820895522388,25.56,,,,,,,,,,,,
19200,0.7577319587628870,0.8208955223880600,11.93,0.7989690721649490,0.8059701492537310,22.53,,,,,,,,,,,,
19400,0.7474226804123710,0.7313432835820900,5.12,0.7938144329896910,0.7761194029850750,25.9,,,,,,,,,,,,
19600,0.711340206185567,0.7164179104477610,8.11,0.7989690721649490,0.7611940298507460,20.47,,,,,,,,,,,,
19800,0.7628865979381440,0.7761194029850750,9.35,0.8144329896907220,0.7910447761194030,25.66,,,,,,,,,,,,
20000,0.7525773195876290,0.8059701492537310,10.84,0.7989690721649490,0.7761194029850750,26.52,,,,,,,,,,,,
20200,0.7680412371134020,0.7910447761194030,13.6,0.8041237113402060,0.7611940298507460,25.75,,,,,,,,,,,,
20400,0.7577319587628870,0.7761194029850750,13.89,0.8041237113402060,0.7761194029850750,26.26,,,,,,,,,,,,
20600,0.7731958762886600,0.7313432835820900,12.71,0.7938144329896910,0.7910447761194030,25.96,,,,,,,,,,,,
20800,0.8195876288659790,0.7164179104477610,17.66,0.8298969072164950,0.8208955223880600,27.02,,,,,,,,,,,,
21000,0.7783505154639180,0.7313432835820900,15.15,0.7989690721649490,0.7910447761194030,27.25,,,,,,,,,,,,
21200,0.7731958762886600,0.835820895522388,13.06,0.8092783505154640,0.8059701492537310,23.79,,,,,,,,,,,,
21400,0.7731958762886600,0.8059701492537310,14.87,0.8041237113402060,0.7761194029850750,27.22,,,,,,,,,,,,
21600,0.7628865979381440,0.7313432835820900,15.93,0.8195876288659790,0.8208955223880600,27.17,,,,,,,,,,,,
21800,0.7371134020618560,0.7164179104477610,12.32,0.8041237113402060,0.835820895522388,24.81,,,,,,,,,,,,
22000,0.7680412371134020,0.7761194029850750,20.3,0.8041237113402060,0.7761194029850750,27.03,,,,,,,,,,,,
22200,0.7680412371134020,0.746268656716418,16.16,0.8092783505154640,0.835820895522388,26.12,,,,,,,,,,,,
22400,0.7577319587628870,0.7313432835820900,11.53,0.7989690721649490,0.8208955223880600,24.35,,,,,,,,,,,,
22600,0.7680412371134020,0.746268656716418,18.37,0.8144329896907220,0.8805970149253730,25.64,,,,,,,,,,,,
22800,0.7268041237113400,0.7313432835820900,7.39,0.8092783505154640,0.835820895522388,24.49,,,,,,,,,,,,
23000,0.7474226804123710,0.7761194029850750,18.2,0.8247422680412370,0.835820895522388,27.49,,,,,,,,,,,,
23200,0.7731958762886600,0.7611940298507460,17.4,0.8144329896907220,0.746268656716418,26.42,,,,,,,,,,,,
23400,0.7628865979381440,0.8059701492537310,13.09,0.7989690721649490,0.7910447761194030,24.82,,,,,,,,,,,,
23600,0.7371134020618560,0.7761194029850750,9.73,0.8041237113402060,0.835820895522388,27.21,,,,,,,,,,,,
23800,0.7371134020618560,0.746268656716418,2.69,0.8041237113402060,0.7910447761194030,29.13,,,,,,,,,,,,
24000,0.7835051546391750,0.7313432835820900,16.06,0.8092783505154640,0.7761194029850750,27.49,,,,,,,,,,,,
24200,0.7989690721649490,0.746268656716418,16.27,0.8041237113402060,0.835820895522388,27.36,,,,,,,,,,,,
24400,0.788659793814433,0.7611940298507460,13.95,0.8195876288659790,0.8507462686567160,27.52,,,,,,,,,,,,
24600,0.7577319587628870,0.7910447761194030,15.36,0.8092783505154640,0.7910447761194030,29.2,,,,,,,,,,,,
24800,0.7525773195876290,0.7611940298507460,19.54,0.8092783505154640,0.8059701492537310,27.9,,,,,,,,,,,,
25000,0.7628865979381440,0.7611940298507460,19.93,0.8144329896907220,0.8208955223880600,31.83,,,,,,,,,,,,
25200,0.7731958762886600,0.6865671641791050,21.7,0.788659793814433,0.835820895522388,27.9,,,,,,,,,,,,
25400,0.7371134020618560,0.7611940298507460,20.97,0.7989690721649490,0.7761194029850750,30.69,,,,,,,,,,,,
25600,0.7938144329896910,0.746268656716418,18.87,0.8092783505154640,0.8208955223880600,30.69,,,,,,,,,,,,
25800,0.7474226804123710,0.746268656716418,18.88,0.8092783505154640,0.746268656716418,27.68,,,,,,,,,,,,
26000,0.7938144329896910,0.7910447761194030,17.3,0.7938144329896910,0.8208955223880600,30.77,,,,,,,,,,,,
26200,0.7835051546391750,0.7611940298507460,21.19,0.8298969072164950,0.8059701492537310,29.8,,,,,,,,,,,,
26400,0.7680412371134020,0.7761194029850750,18.29,0.8247422680412370,0.8208955223880600,32.54,,,,,,,,,,,,
26600,0.7835051546391750,0.7611940298507460,20.52,0.8195876288659790,0.8059701492537310,28.35,,,,,,,,,,,,
26800,0.7010309278350520,0.7164179104477610,6.44,0.8247422680412370,0.7910447761194030,29.05,,,,,,,,,,,,
27000,0.7680412371134020,0.7761194029850750,13.06,0.8247422680412370,0.8059701492537310,28.6,,,,,,,,,,,,
27200,0.7680412371134020,0.7313432835820900,15.98,0.8144329896907220,0.8208955223880600,28.35,,,,,,,,,,,,
27400,0.7783505154639180,0.7611940298507460,19.97,0.8195876288659790,0.8208955223880600,27.49,,,,,,,,,,,,
27600,0.788659793814433,0.7611940298507460,20.62,0.8041237113402060,0.8208955223880600,28.94,,,,,,,,,,,,
27800,0.7783505154639180,0.7313432835820900,14.28,0.8195876288659790,0.835820895522388,29.36,,,,,,,,,,,,
28000,0.7731958762886600,0.7611940298507460,15.16,0.8298969072164950,0.835820895522388,28.57,,,,,,,,,,,,
28200,0.7835051546391750,0.7611940298507460,17.69,0.8041237113402060,0.8208955223880600,26.97,,,,,,,,,,,,
28400,0.7680412371134020,0.7910447761194030,19.17,0.8402061855670100,0.8059701492537310,29.79,,,,,,,,,,,,
28600,0.7628865979381440,0.746268656716418,19.97,0.7989690721649490,0.8507462686567160,30.13,,,,,,,,,,,,
28800,0.7577319587628870,0.746268656716418,3.72,0.8247422680412370,0.8059701492537310,29.78,,,,,,,,,,,,
29000,0.7680412371134020,0.7014925373134330,9.13,0.8298969072164950,0.8208955223880600,30.85,,,,,,,,,,,,
29200,0.7628865979381440,0.7761194029850750,20.28,0.8402061855670100,0.8507462686567160,31.85,,,,,,,,,,,,
29400,0.788659793814433,0.7313432835820900,20.63,0.8402061855670100,0.835820895522388,31.8,,,,,,,,,,,,
29600,0.8092783505154640,0.7611940298507460,21.85,0.8247422680412370,0.8208955223880600,30.54,,,,,,,,,,,,
29800,0.7680412371134020,0.7910447761194030,20.34,0.8247422680412370,0.835820895522388,29.46,,,,,,,,,,,,
30000,0.788659793814433,0.746268656716418,17.7,0.8350515463917530,0.8507462686567160,24.45,,,,,,,,,,,,
30200,0.7783505154639180,0.746268656716418,17.24,0.8350515463917530,0.8208955223880600,32.1,,,,,,,,,,,,
30400,0.7783505154639180,0.6716417910447760,16.85,0.8247422680412370,0.8656716417910450,31.83,,,,,,,,,,,,
30600,0.7628865979381440,0.7761194029850750,20.16,0.8195876288659790,0.8208955223880600,31.24,,,,,,,,,,,,
30800,0.7680412371134020,0.7910447761194030,20.62,0.8350515463917530,0.8507462686567160,31.54,,,,,,,,,,,,
31000,0.7577319587628870,0.7761194029850750,21.54,0.8298969072164950,0.8507462686567160,28.58,,,,,,,,,,,,
31200,0.7731958762886600,0.7611940298507460,20.54,0.8298969072164950,0.835820895522388,29.43,,,,,,,,,,,,
31400,0.7680412371134020,0.7313432835820900,20.99,0.8298969072164950,0.8656716417910450,33.13,,,,,,,,,,,,
31600,0.788659793814433,0.8208955223880600,20.3,0.8144329896907220,0.8955223880597020,29.77,,,,,,,,,,,,
31800,0.7989690721649490,0.7761194029850750,21.77,0.8247422680412370,0.8208955223880600,28.48,,,,,,,,,,,,
32000,0.7474226804123710,0.7910447761194030,19.69,0.8298969072164950,0.7761194029850750,30,,,,,,,,,,,,
32200,0.7680412371134020,0.7761194029850750,17.17,0.8195876288659790,0.8507462686567160,31.39,,,,,,,,,,,,
32400,0.7783505154639180,0.7611940298507460,16.66,0.8350515463917530,0.8208955223880600,32.12,,,,,,,,,,,,
32600,0.7938144329896910,0.8059701492537310,19.33,0.8350515463917530,0.835820895522388,30.29,,,,,,,,,,,,
32800,0.7989690721649490,0.8208955223880600,22.2,0.8350515463917530,0.8656716417910450,32.1,,,,,,,,,,,,
33000,0.7783505154639180,0.7611940298507460,20.56,0.8195876288659790,0.8507462686567160,33.59,,,,,,,,,,,,
33200,0.788659793814433,0.7611940298507460,21.63,0.8195876288659790,0.8507462686567160,32.57,,,,,,,,,,,,
33400,0.788659793814433,0.8059701492537310,16.62,0.8092783505154640,0.8059701492537310,33.59,,,,,,,,,,,,
33600,0.7422680412371130,0.6865671641791050,16.78,0.8505154639175260,0.835820895522388,32.62,,,,,,,,,,,,
33800,0.7680412371134020,0.7611940298507460,20.54,0.8350515463917530,0.8208955223880600,33.47,,,,,,,,,,,,
34000,0.7783505154639180,0.8059701492537310,23.24,0.7989690721649490,0.8805970149253730,32.46,,,,,,,,,,,,
34200,0.7628865979381440,0.746268656716418,17.39,0.8350515463917530,0.8805970149253730,32.77,,,,,,,,,,,,
34400,0.7577319587628870,0.746268656716418,18.68,0.8350515463917530,0.835820895522388,32.95,,,,,,,,,,,,
34600,0.7680412371134020,0.7910447761194030,20.01,0.8144329896907220,0.9104477611940300,32.87,,,,,,,,,,,,
34800,0.7783505154639180,0.8059701492537310,21.42,0.8195876288659790,0.8507462686567160,33.27,,,,,,,,,,,,
35000,0.7680412371134020,0.7611940298507460,19.49,0.8247422680412370,0.8656716417910450,31.17,,,,,,,,,,,,
35200,0.7731958762886600,0.7761194029850750,18.3,0.8298969072164950,0.8656716417910450,30.91,,,,,,,,,,,,
35400,0.7989690721649490,0.7164179104477610,21.34,0.8144329896907220,0.8507462686567160,34.23,,,,,,,,,,,,
35600,0.8041237113402060,0.7761194029850750,21.98,0.8350515463917530,0.8208955223880600,31.04,,,,,,,,,,,,
35800,0.8144329896907220,0.7611940298507460,24.96,0.8350515463917530,0.8656716417910450,30.46,,,,,,,,,,,,
36000,0.7783505154639180,0.7313432835820900,21.79,0.8402061855670100,0.8507462686567160,34.38,,,,,,,,,,,,
36200,0.8092783505154640,0.7910447761194030,20.97,0.8298969072164950,0.835820895522388,31.42,,,,,,,,,,,,
36400,0.7731958762886600,0.6567164179104480,4.64,0.8298969072164950,0.835820895522388,34.64,,,,,,,,,,,,
36600,0.788659793814433,0.8208955223880600,14.79,0.8298969072164950,0.835820895522388,33.6,,,,,,,,,,,,
36800,0.7731958762886600,0.7611940298507460,11.81,0.8144329896907220,0.8656716417910450,32.42,,,,,,,,,,,,
37000,0.7783505154639180,0.746268656716418,24.2,0.8247422680412370,0.8507462686567160,32.48,,,,,,,,,,,,
37200,0.7938144329896910,0.7164179104477610,18.6,0.8247422680412370,0.8059701492537310,32.1,,,,,,,,,,,,
37400,0.7989690721649490,0.7761194029850750,23.24,0.845360824742268,0.8208955223880600,32.87,,,,,,,,,,,,
37600,0.8041237113402060,0.7611940298507460,20.26,0.8505154639175260,0.8507462686567160,32.12,,,,,,,,,,,,
37800,0.8195876288659790,0.8059701492537310,24.3,0.8350515463917530,0.8955223880597020,29.31,,,,,,,,,,,,
38000,0.8092783505154640,0.8059701492537310,24.19,0.8247422680412370,0.8656716417910450,32.84,,,,,,,,,,,,
38200,0.7835051546391750,0.7910447761194030,18.95,0.8144329896907220,0.8805970149253730,31,,,,,,,,,,,,
38400,0.7938144329896910,0.7761194029850750,20.03,0.8608247422680410,0.8656716417910450,32.02,,,,,,,,,,,,
38600,0.8092783505154640,0.7611940298507460,26.23,0.8505154639175260,0.835820895522388,33.2,,,,,,,,,,,,
38800,0.7938144329896910,0.7761194029850750,24.62,0.8350515463917530,0.8656716417910450,35.99,,,,,,,,,,,,
39000,0.7938144329896910,0.8059701492537310,27.5,0.8144329896907220,0.8656716417910450,31.43,,,,,,,,,,,,
39200,0.8041237113402060,0.8059701492537310,24,0.8402061855670100,0.8507462686567160,31.96,,,,,,,,,,,,
39400,0.8144329896907220,0.8059701492537310,24.88,0.8350515463917530,0.835820895522388,34.63,,,,,,,,,,,,
39600,0.7783505154639180,0.7761194029850750,22.06,0.8298969072164950,0.8805970149253730,33.83,,,,,,,,,,,,
39800,0.7989690721649490,0.835820895522388,23.29,0.8402061855670100,0.8805970149253730,32.63,,,,,,,,,,,,
40000,0.7938144329896910,0.8059701492537310,25.7,0.8350515463917530,0.8805970149253730,34.94,,,,,,,,,,,,
40200,0.8247422680412370,0.7761194029850750,26.02,0.8402061855670100,0.8656716417910450,32.69,,,,,,,,,,,,
40400,0.8041237113402060,0.7761194029850750,25.23,0.8247422680412370,0.8507462686567160,35.56,,,,,,,,,,,,
40600,0.8041237113402060,0.7761194029850750,24.13,0.8247422680412370,0.8507462686567160,34.35,,,,,,,,,,,,
40800,0.8041237113402060,0.7761194029850750,25.61,0.8144329896907220,0.8805970149253730,35.93,,,,,,,,,,,,
41000,0.8195876288659790,0.7761194029850750,25.37,0.8247422680412370,0.8805970149253730,31.08,,,,,,,,,,,,
41200,0.7989690721649490,0.8208955223880600,19.96,0.845360824742268,0.8507462686567160,31.77,,,,,,,,,,,,
41400,0.7577319587628870,0.8208955223880600,24.21,0.8247422680412370,0.835820895522388,32.23,,,,,,,,,,,,
41600,0.7783505154639180,0.746268656716418,24.11,0.8144329896907220,0.8805970149253730,37.14,,,,,,,,,,,,
41800,0.7938144329896910,0.746268656716418,18.55,0.8350515463917530,0.8805970149253730,37.13,,,,,,,,,,,,
42000,0.7835051546391750,0.746268656716418,18.52,0.8041237113402060,0.8805970149253730,33.92,,,,,,,,,,,,
42200,0.7783505154639180,0.8059701492537310,19.37,0.8402061855670100,0.8805970149253730,35.66,,,,,,,,,,,,
42400,0.7989690721649490,0.835820895522388,19.19,0.8402061855670100,0.835820895522388,37.93,,,,,,,,,,,,
42600,0.8041237113402060,0.835820895522388,23.48,0.8298969072164950,0.835820895522388,37.46,,,,,,,,,,,,
42800,0.7835051546391750,0.7761194029850750,20.55,0.8298969072164950,0.8656716417910450,35.18,,,,,,,,,,,,
43000,0.788659793814433,0.8059701492537310,21.31,0.8247422680412370,0.8507462686567160,37.16,,,,,,,,,,,,
43200,0.7525773195876290,0.7164179104477610,11.87,0.845360824742268,0.8805970149253730,34.38,,,,,,,,,,,,
43400,0.7989690721649490,0.7910447761194030,23.51,0.8195876288659790,0.8805970149253730,35.8,,,,,,,,,,,,
43600,0.8092783505154640,0.746268656716418,24.11,0.8402061855670100,0.8805970149253730,36.74,,,,,,,,,,,,
43800,0.788659793814433,0.7910447761194030,24.67,0.845360824742268,0.8805970149253730,33.07,,,,,,,,,,,,
44000,0.7938144329896910,0.7761194029850750,22.28,0.8298969072164950,0.8805970149253730,36.18,,,,,,,,,,,,
44200,0.8247422680412370,0.7014925373134330,23.02,0.8195876288659790,0.8955223880597020,36.75,,,,,,,,,,,,
44400,0.8041237113402060,0.7611940298507460,26.83,0.845360824742268,0.8805970149253730,36.97,,,,,,,,,,,,
44600,0.788659793814433,0.7611940298507460,27.59,0.8247422680412370,0.8955223880597020,34.07,,,,,,,,,,,,
44800,0.7835051546391750,0.7761194029850750,26.59,0.8144329896907220,0.8955223880597020,35.17,,,,,,,,,,,,
45000,0.7989690721649490,0.7910447761194030,26.08,0.8298969072164950,0.8805970149253730,34.53,,,,,,,,,,,,
45200,0.7783505154639180,0.746268656716418,23.11,0.8195876288659790,0.8656716417910450,37.45,,,,,,,,,,,,
45400,0.7783505154639180,0.746268656716418,26.62,0.8247422680412370,0.8955223880597020,35.01,,,,,,,,,,,,
45600,0.7989690721649490,0.8059701492537310,26.83,0.8195876288659790,0.9104477611940300,34.17,,,,,,,,,,,,
45800,0.8041237113402060,0.7611940298507460,25.2,0.8247422680412370,0.8805970149253730,37.7,,,,,,,,,,,,
46000,0.8092783505154640,0.8059701492537310,25.31,0.8144329896907220,0.835820895522388,34.5,,,,,,,,,,,,
46200,0.7938144329896910,0.8208955223880600,22.37,0.845360824742268,0.8507462686567160,34.35,,,,,,,,,,,,
46400,0.7783505154639180,0.7910447761194030,29.6,0.8350515463917530,0.8507462686567160,34.77,,,,,,,,,,,,
46600,0.8041237113402060,0.7910447761194030,30.47,0.8247422680412370,0.8805970149253730,39.07,,,,,,,,,,,,
46800,0.788659793814433,0.7761194029850750,27.36,0.8195876288659790,0.8805970149253730,36.37,,,,,,,,,,,,
47000,0.8144329896907220,0.7611940298507460,28.19,0.8195876288659790,0.8805970149253730,37.99,,,,,,,,,,,,
47200,0.8247422680412370,0.8059701492537310,25.29,0.8195876288659790,0.8507462686567160,36.91,,,,,,,,,,,,
47400,0.8247422680412370,0.7910447761194030,27.53,0.8298969072164950,0.8507462686567160,34.61,,,,,,,,,,,,
47600,0.8092783505154640,0.8059701492537310,26.83,0.8247422680412370,0.8507462686567160,38.71,,,,,,,,,,,,
47800,0.8144329896907220,0.8208955223880600,29.69,0.8350515463917530,0.8507462686567160,39.12,,,,,,,,,,,,
48000,0.7938144329896910,0.7910447761194030,26.31,0.845360824742268,0.8656716417910450,39.48,,,,,,,,,,,,
48200,0.788659793814433,0.7910447761194030,28.05,0.845360824742268,0.8507462686567160,35.78,,,,,,,,,,,,
48400,0.8092783505154640,0.8059701492537310,23.09,0.845360824742268,0.8208955223880600,36.93,,,,,,,,,,,,
48600,0.8041237113402060,0.8208955223880600,29.49,0.8505154639175260,0.8507462686567160,37.09,,,,,,,,,,,,
48800,0.8195876288659790,0.7761194029850750,26.26,0.8298969072164950,0.8656716417910450,34.98,,,,,,,,,,,,
49000,0.7989690721649490,0.8208955223880600,28.85,0.8298969072164950,0.8805970149253730,39.68,,,,,,,,,,,,
49200,0.8041237113402060,0.8059701492537310,27.91,0.845360824742268,0.8656716417910450,36.58,,,,,,,,,,,,
49400,0.8144329896907220,0.7910447761194030,27.12,0.845360824742268,0.835820895522388,39.7,,,,,,,,,,,,
49600,0.8195876288659790,0.8059701492537310,28.9,0.845360824742268,0.8507462686567160,37.32,,,,,,,,,,,,
49800,0.8092783505154640,0.7761194029850750,27.32,0.8505154639175260,0.8955223880597020,37.13,,,,,,,,,,,,
50000,0.7835051546391750,0.7910447761194030,23.87,0.8402061855670100,0.8805970149253730,38.61,,,,,,,,,,,,
50200,0.8041237113402060,0.7910447761194030,29.87,0.8350515463917530,0.8955223880597020,34.97,,,,,,,,,,,,
50400,0.8144329896907220,0.8208955223880600,30.54,0.8247422680412370,0.8656716417910450,37.86,,,,,,,,,,,,
50600,0.7989690721649490,0.8507462686567160,29.19,0.8298969072164950,0.8656716417910450,41.76,,,,,,,,,,,,
50800,0.8041237113402060,0.835820895522388,27.72,0.845360824742268,0.8656716417910450,38.33,,,,,,,,,,,,
51000,0.7989690721649490,0.8208955223880600,27.58,0.8350515463917530,0.8507462686567160,36.81,,,,,,,,,,,,
51200,0.8195876288659790,0.8208955223880600,30.78,0.8350515463917530,0.8507462686567160,38.11,,,,,,,,,,,,
51400,0.7938144329896910,0.8507462686567160,23.49,0.8350515463917530,0.8208955223880600,35.15,,,,,,,,,,,,
51600,0.8144329896907220,0.7611940298507460,27.88,0.8402061855670100,0.8507462686567160,39.54,,,,,,,,,,,,
51800,0.8092783505154640,0.7611940298507460,25.65,0.8402061855670100,0.8507462686567160,39.94,,,,,,,,,,,,
52000,0.8195876288659790,0.7611940298507460,28.95,0.8505154639175260,0.8208955223880600,37.72,,,,,,,,,,,,
52200,0.8144329896907220,0.7761194029850750,25.94,0.8505154639175260,0.8656716417910450,38.89,,,,,,,,,,,,
52400,0.8092783505154640,0.7761194029850750,25.68,0.8505154639175260,0.8656716417910450,38.68,,,,,,,,,,,,
52600,0.8144329896907220,0.8059701492537310,29.2,0.8350515463917530,0.8656716417910450,37.52,,,,,,,,,,,,
52800,0.8298969072164950,0.7761194029850750,25.57,0.845360824742268,0.8656716417910450,37.72,,,,,,,,,,,,
53000,0.8041237113402060,0.7611940298507460,26.53,0.845360824742268,0.835820895522388,38.71,,,,,,,,,,,,
53200,0.8092783505154640,0.7611940298507460,25.16,0.845360824742268,0.8507462686567160,36.25,,,,,,,,,,,,
53400,0.8247422680412370,0.7313432835820900,28.13,0.8350515463917530,0.8656716417910450,36.56,,,,,,,,,,,,
53600,0.8195876288659790,0.8059701492537310,26.42,0.845360824742268,0.8805970149253730,39.06,,,,,,,,,,,,
53800,0.8195876288659790,0.7761194029850750,27.95,0.8350515463917530,0.835820895522388,36.01,,,,,,,,,,,,
54000,0.7989690721649490,0.7910447761194030,26.31,0.8402061855670100,0.8805970149253730,38.01,,,,,,,,,,,,
54200,0.8298969072164950,0.7761194029850750,28.57,0.8298969072164950,0.8656716417910450,38.79,,,,,,,,,,,,
54400,0.8298969072164950,0.7910447761194030,28.36,0.8350515463917530,0.8805970149253730,39.07,,,,,,,,,,,,
54600,0.8195876288659790,0.8059701492537310,27.76,0.845360824742268,0.8805970149253730,40.81,,,,,,,,,,,,
54800,0.8247422680412370,0.8059701492537310,26.96,0.845360824742268,0.8805970149253730,38.34,,,,,,,,,,,,
55000,0.8195876288659790,0.8059701492537310,30.45,0.8247422680412370,0.8955223880597020,40.37,,,,,,,,,,,,
55200,0.8247422680412370,0.746268656716418,25.54,0.8402061855670100,0.8805970149253730,38.84,,,,,,,,,,,,
55400,0.8041237113402060,0.7611940298507460,30.85,0.8298969072164950,0.9104477611940300,39.96,,,,,,,,,,,,
55600,0.8195876288659790,0.746268656716418,28.14,0.8195876288659790,0.8656716417910450,37.06,,,,,,,,,,,,
55800,0.8247422680412370,0.7761194029850750,29.54,0.8144329896907220,0.8656716417910450,37.41,,,,,,,,,,,,
56000,0.8195876288659790,0.7761194029850750,27.07,0.8144329896907220,0.9104477611940300,38.21,,,,,,,,,,,,
56200,0.8092783505154640,0.7761194029850750,28.2,0.8247422680412370,0.8656716417910450,35.98,,,,,,,,,,,,
56400,0.8195876288659790,0.7611940298507460,29.81,0.8195876288659790,0.8656716417910450,36.78,,,,,,,,,,,,
56600,0.8298969072164950,0.8059701492537310,30.49,0.8350515463917530,0.9104477611940300,34.4,,,,,,,,,,,,
56800,0.8298969072164950,0.8059701492537310,30.97,0.8402061855670100,0.8955223880597020,36.45,,,,,,,,,,,,
57000,0.7938144329896910,0.835820895522388,27.27,0.8298969072164950,0.9104477611940300,38.66,,,,,,,,,,,,
57200,0.7938144329896910,0.8059701492537310,29.49,0.8350515463917530,0.8805970149253730,37.7,,,,,,,,,,,,
57400,0.7989690721649490,0.8059701492537310,28.66,0.8350515463917530,0.9253731343283580,37.58,,,,,,,,,,,,
57600,0.8402061855670100,0.746268656716418,25.09,0.8247422680412370,0.9253731343283580,38.57,,,,,,,,,,,,
57800,0.8092783505154640,0.746268656716418,24.42,0.845360824742268,0.8955223880597020,39.55,,,,,,,,,,,,
58000,0.8247422680412370,0.7910447761194030,25.74,0.8350515463917530,0.8955223880597020,40.26,,,,,,,,,,,,
58200,0.8298969072164950,0.7910447761194030,29.29,0.8402061855670100,0.8507462686567160,39.57,,,,,,,,,,,,
58400,0.8144329896907220,0.8059701492537310,25.21,0.845360824742268,0.8955223880597020,41.75,,,,,,,,,,,,
58600,0.8092783505154640,0.835820895522388,27.81,0.8247422680412370,0.835820895522388,43.41,,,,,,,,,,,,
58800,0.8041237113402060,0.7910447761194030,24.6,0.8350515463917530,0.8656716417910450,43.11,,,,,,,,,,,,
59000,0.8144329896907220,0.8208955223880600,24.1,0.8505154639175260,0.8507462686567160,36.98,,,,,,,,,,,,
59200,0.8195876288659790,0.7910447761194030,28.64,0.8350515463917530,0.8805970149253730,37.91,,,,,,,,,,,,
59400,0.8195876288659790,0.8208955223880600,27.66,0.8402061855670100,0.8656716417910450,38.93,,,,,,,,,,,,
59600,0.8247422680412370,0.8059701492537310,26.64,0.8402061855670100,0.8955223880597020,37.92,,,,,,,,,,,,
59800,0.8402061855670100,0.7910447761194030,26.06,0.8350515463917530,0.8507462686567160,38.08,,,,,,,,,,,,
60000,0.8402061855670100,0.8208955223880600,28.97,0.8298969072164950,0.8507462686567160,40.61,,,,,,,,,,,,
60200,0.8041237113402060,0.835820895522388,22.96,0.8350515463917530,0.8955223880597020,38.8,,,,,,,,,,,,
60400,0.8195876288659790,0.835820895522388,25.37,0.8350515463917530,0.8805970149253730,40.97,,,,,,,,,,,,
60600,0.8402061855670100,0.7910447761194030,26.57,0.8350515463917530,0.8955223880597020,40.17,,,,,,,,,,,,
60800,0.8195876288659790,0.7910447761194030,26,0.8402061855670100,0.8805970149253730,39.16,,,,,,,,,,,,
61000,0.788659793814433,0.835820895522388,26.63,0.8298969072164950,0.8507462686567160,37.49,,,,,,,,,,,,
61200,0.8092783505154640,0.7910447761194030,28.51,0.8608247422680410,0.8507462686567160,39.47,,,,,,,,,,,,
61400,0.7783505154639180,0.8059701492537310,30.77,0.8556701030927840,0.8805970149253730,39.15,,,,,,,,,,,,
61600,0.8247422680412370,0.8208955223880600,26.21,0.8556701030927840,0.8805970149253730,42.57,,,,,,,,,,,,
61800,0.8144329896907220,0.7761194029850750,27.41,0.845360824742268,0.8656716417910450,43.22,,,,,,,,,,,,
62000,0.8195876288659790,0.7910447761194030,31.95,0.845360824742268,0.8507462686567160,37.57,,,,,,,,,,,,
62200,0.7938144329896910,0.7910447761194030,26.6,0.8402061855670100,0.8656716417910450,41.11,,,,,,,,,,,,
62400,0.8247422680412370,0.8059701492537310,29.18,0.8505154639175260,0.8507462686567160,43.46,,,,,,,,,,,,
62600,0.8298969072164950,0.7761194029850750,32.01,0.865979381443299,0.8656716417910450,37.51,,,,,,,,,,,,
62800,0.8195876288659790,0.7611940298507460,31.91,0.8556701030927840,0.8955223880597020,41.34,,,,,,,,,,,,
63000,0.8247422680412370,0.7910447761194030,28.4,0.8608247422680410,0.8805970149253730,39.73,,,,,,,,,,,,
63200,0.8195876288659790,0.7910447761194030,32.97,0.8608247422680410,0.8805970149253730,42.18,,,,,,,,,,,,
63400,0.8144329896907220,0.7761194029850750,32.35,0.8350515463917530,0.8805970149253730,38.14,,,,,,,,,,,,
63600,0.8195876288659790,0.7761194029850750,29.03,0.8350515463917530,0.8955223880597020,42.41,,,,,,,,,,,,
63800,0.8298969072164950,0.8059701492537310,30.91,0.8505154639175260,0.8805970149253730,42.86,,,,,,,,,,,,
64000,0.8402061855670100,0.8059701492537310,29.78,0.8556701030927840,0.835820895522388,42.29,,,,,,,,,,,,
64200,0.8092783505154640,0.8059701492537310,32.38,0.8350515463917530,0.8805970149253730,40.74,,,,,,,,,,,,
64400,0.8144329896907220,0.8059701492537310,33.1,0.8608247422680410,0.8955223880597020,41.74,,,,,,,,,,,,
64600,0.8144329896907220,0.7910447761194030,30.87,0.845360824742268,0.8656716417910450,44.22,,,,,,,,,,,,
64800,0.8092783505154640,0.7910447761194030,26.86,0.845360824742268,0.8507462686567160,41.86,,,,,,,,,,,,
65000,0.8247422680412370,0.7761194029850750,29.11,0.8402061855670100,0.8656716417910450,40.87,,,,,,,,,,,,
65200,0.8144329896907220,0.7611940298507460,28.69,0.8505154639175260,0.8805970149253730,40.52,,,,,,,,,,,,
65400,0.8298969072164950,0.7761194029850750,27.41,0.8350515463917530,0.8656716417910450,38.91,,,,,,,,,,,,
65600,0.8144329896907220,0.7611940298507460,29.83,0.845360824742268,0.8656716417910450,41.87,,,,,,,,,,,,
65800,0.8195876288659790,0.8059701492537310,30.88,0.845360824742268,0.8805970149253730,42.59,,,,,,,,,,,,
66000,0.8298969072164950,0.7611940298507460,28.9,0.8298969072164950,0.8805970149253730,41.71,,,,,,,,,,,,
66200,0.8298969072164950,0.7611940298507460,29.56,0.845360824742268,0.8656716417910450,42.89,,,,,,,,,,,,
66400,0.8092783505154640,0.7910447761194030,33.61,0.8247422680412370,0.8805970149253730,39.99,,,,,,,,,,,,
66600,0.8350515463917530,0.8208955223880600,33.79,0.8298969072164950,0.8507462686567160,41.84,,,,,,,,,,,,
66800,0.8144329896907220,0.7910447761194030,33.13,0.8402061855670100,0.8208955223880600,42.52,,,,,,,,,,,,
67000,0.8092783505154640,0.8059701492537310,32.99,0.8298969072164950,0.8656716417910450,40.85,,,,,,,,,,,,
67200,0.8041237113402060,0.8059701492537310,31.88,0.8195876288659790,0.8955223880597020,43.54,,,,,,,,,,,,
67400,0.8144329896907220,0.835820895522388,34.21,0.8298969072164950,0.8656716417910450,40.81,,,,,,,,,,,,
67600,0.8247422680412370,0.8059701492537310,32.44,0.8350515463917530,0.8805970149253730,39.73,,,,,,,,,,,,
67800,0.8144329896907220,0.8208955223880600,33.21,0.8402061855670100,0.8955223880597020,43.95,,,,,,,,,,,,
68000,0.8195876288659790,0.8059701492537310,35.43,0.8402061855670100,0.8656716417910450,43.6,,,,,,,,,,,,
68200,0.8092783505154640,0.8059701492537310,34.58,0.8505154639175260,0.8656716417910450,44.86,,,,,,,,,,,,
68400,0.8195876288659790,0.746268656716418,35.43,0.8350515463917530,0.8656716417910450,41.81,,,,,,,,,,,,
68600,0.8195876288659790,0.7761194029850750,33.77,0.8402061855670100,0.8656716417910450,43.3,,,,,,,,,,,,
68800,0.8247422680412370,0.7761194029850750,32.53,0.8350515463917530,0.8656716417910450,46.89,,,,,,,,,,,,
69000,0.8350515463917530,0.746268656716418,35.02,0.8298969072164950,0.835820895522388,40.86,,,,,,,,,,,,
69200,0.845360824742268,0.7910447761194030,34.66,0.8402061855670100,0.8656716417910450,42.51,,,,,,,,,,,,
69400,0.8350515463917530,0.8059701492537310,35.94,0.8298969072164950,0.835820895522388,42.07,,,,,,,,,,,,
69600,0.8350515463917530,0.7761194029850750,35.43,0.8298969072164950,0.8656716417910450,41.93,,,,,,,,,,,,
69800,0.8195876288659790,0.8208955223880600,37.24,0.8505154639175260,0.835820895522388,44.17,,,,,,,,,,,,
70000,0.8247422680412370,0.7761194029850750,36.31,0.8402061855670100,0.8507462686567160,42.44,,,,,,,,,,,,
70200,0.8350515463917530,0.7910447761194030,33.48,0.8402061855670100,0.8656716417910450,46.89,,,,,,,,,,,,
70400,0.8350515463917530,0.8059701492537310,35.12,0.8247422680412370,0.835820895522388,41.98,,,,,,,,,,,,
70600,0.8247422680412370,0.7761194029850750,32.91,0.8402061855670100,0.8656716417910450,41.07,,,,,,,,,,,,
70800,0.8402061855670100,0.8208955223880600,32.16,0.8298969072164950,0.8656716417910450,45.61,,,,,,,,,,,,
71000,0.8350515463917530,0.7910447761194030,30.44,0.8350515463917530,0.8507462686567160,42,,,,,,,,,,,,
71200,0.8195876288659790,0.7910447761194030,32.18,0.8350515463917530,0.8805970149253730,42.13,,,,,,,,,,,,
71400,0.8247422680412370,0.7910447761194030,30.86,0.845360824742268,0.8507462686567160,42.15,,,,,,,,,,,,
71600,0.8247422680412370,0.835820895522388,30.32,0.8350515463917530,0.8656716417910450,43.04,,,,,,,,,,,,
71800,0.8247422680412370,0.835820895522388,32,0.8402061855670100,0.8507462686567160,42.88,,,,,,,,,,,,
72000,0.8247422680412370,0.8208955223880600,32.01,0.8402061855670100,0.8507462686567160,43.87,,,,,,,,,,,,
72200,0.8195876288659790,0.8208955223880600,30.85,0.8350515463917530,0.8507462686567160,40.96,,,,,,,,,,,,
72400,0.8041237113402060,0.835820895522388,31.2,0.8556701030927840,0.8507462686567160,41.99,,,,,,,,,,,,
72600,0.8298969072164950,0.8059701492537310,30.04,0.8402061855670100,0.8507462686567160,45.06,,,,,,,,,,,,
72800,0.8144329896907220,0.835820895522388,30.38,0.8505154639175260,0.8656716417910450,43.75,,,,,,,,,,,,
73000,0.8298969072164950,0.835820895522388,36.53,0.8402061855670100,0.835820895522388,40.85,,,,,,,,,,,,
73200,0.8195876288659790,0.8507462686567160,32.79,0.8350515463917530,0.8507462686567160,42.65,,,,,,,,,,,,
73400,0.8350515463917530,0.8208955223880600,35.63,0.8556701030927840,0.8507462686567160,43.35,,,,,,,,,,,,
73600,0.8298969072164950,0.8208955223880600,32.12,0.8350515463917530,0.8507462686567160,43.15,,,,,,,,,,,,
73800,0.8298969072164950,0.835820895522388,30.5,0.8350515463917530,0.8805970149253730,44.53,,,,,,,,,,,,
74000,0.8247422680412370,0.8208955223880600,28.22,0.8350515463917530,0.8805970149253730,43.13,,,,,,,,,,,,
74200,0.8402061855670100,0.8507462686567160,32.74,0.8556701030927840,0.8656716417910450,44.04,,,,,,,,,,,,
74400,0.8298969072164950,0.8059701492537310,31.26,0.8608247422680410,0.8805970149253730,40.98,,,,,,,,,,,,
74600,0.8298969072164950,0.8059701492537310,29.81,0.845360824742268,0.8507462686567160,42.16,,,,,,,,,,,,
74800,0.8247422680412370,0.8208955223880600,33.17,0.8350515463917530,0.8805970149253730,40.21,,,,,,,,,,,,
75000,0.8195876288659790,0.8507462686567160,32.98,0.8505154639175260,0.8507462686567160,42.5,,,,,,,,,,,,
75200,0.8247422680412370,0.835820895522388,29.23,0.8505154639175260,0.8507462686567160,41.45,,,,,,,,,,,,
75400,0.8350515463917530,0.8208955223880600,33.71,0.845360824742268,0.8656716417910450,42.48,,,,,,,,,,,,
75600,0.8350515463917530,0.835820895522388,33.06,0.8402061855670100,0.8507462686567160,41.16,,,,,,,,,,,,
75800,0.8298969072164950,0.835820895522388,34.65,0.8298969072164950,0.8507462686567160,46.74,,,,,,,,,,,,
76000,0.8247422680412370,0.835820895522388,33.03,0.845360824742268,0.8656716417910450,42.48,,,,,,,,,,,,
76200,0.8298969072164950,0.8507462686567160,31.83,0.8350515463917530,0.8805970149253730,46.27,,,,,,,,,,,,
76400,0.8298969072164950,0.8059701492537310,34.62,0.8402061855670100,0.8507462686567160,45.69,,,,,,,,,,,,
76600,0.8298969072164950,0.8507462686567160,33.6,0.8402061855670100,0.8507462686567160,44.06,,,,,,,,,,,,
76800,0.8247422680412370,0.8059701492537310,34.55,0.845360824742268,0.8507462686567160,42.84,,,,,,,,,,,,
77000,0.8195876288659790,0.7761194029850750,30.48,0.8195876288659790,0.8656716417910450,45.28,,,,,,,,,,,,
77200,0.8247422680412370,0.746268656716418,32.54,0.8247422680412370,0.8656716417910450,43.47,,,,,,,,,,,,
77400,0.8298969072164950,0.7910447761194030,30.66,0.8298969072164950,0.8805970149253730,44.27,,,,,,,,,,,,
77600,0.8195876288659790,0.7910447761194030,31.68,0.8350515463917530,0.8805970149253730,44.53,,,,,,,,,,,,
77800,0.8195876288659790,0.7761194029850750,31.38,0.8247422680412370,0.8507462686567160,44.45,,,,,,,,,,,,
78000,0.8195876288659790,0.8059701492537310,34.96,0.8298969072164950,0.8805970149253730,44.77,,,,,,,,,,,,
78200,0.8092783505154640,0.8208955223880600,34.95,0.8247422680412370,0.8507462686567160,42.03,,,,,,,,,,,,
78400,0.8144329896907220,0.8656716417910450,33.46,0.8402061855670100,0.8656716417910450,43.79,,,,,,,,,,,,
78600,0.8041237113402060,0.835820895522388,29.1,0.8505154639175260,0.8507462686567160,43.21,,,,,,,,,,,,
78800,0.8144329896907220,0.8656716417910450,33.07,0.8402061855670100,0.8955223880597020,41.33,,,,,,,,,,,,
79000,0.8195876288659790,0.835820895522388,34.24,0.8402061855670100,0.8805970149253730,42.25,,,,,,,,,,,,
79200,0.8247422680412370,0.835820895522388,32.3,0.8402061855670100,0.8805970149253730,43,,,,,,,,,,,,
79400,0.8092783505154640,0.835820895522388,36.26,0.8350515463917530,0.8955223880597020,43.48,,,,,,,,,,,,
79600,0.8247422680412370,0.8656716417910450,33.44,0.8350515463917530,0.8805970149253730,44.05,,,,,,,,,,,,
79800,0.8195876288659790,0.8059701492537310,34.43,0.8402061855670100,0.8805970149253730,43.56,,,,,,,,,,,,
80000,0.8247422680412370,0.835820895522388,36.58,0.8402061855670100,0.8656716417910450,45.07,,,,,,,,,,,,
80200,0.8195876288659790,0.8208955223880600,33.6,0.8402061855670100,0.8656716417910450,41.15,,,,,,,,,,,,
80400,0.8298969072164950,0.8208955223880600,34.11,0.845360824742268,0.8656716417910450,45.94,,,,,,,,,,,,
80600,0.8195876288659790,0.8507462686567160,34.81,0.8505154639175260,0.8656716417910450,41.99,,,,,,,,,,,,
80800,0.8247422680412370,0.835820895522388,36.84,0.8505154639175260,0.8507462686567160,44.49,,,,,,,,,,,,
81000,0.8247422680412370,0.8507462686567160,34.79,0.845360824742268,0.835820895522388,42.78,,,,,,,,,,,,
81200,0.8247422680412370,0.8507462686567160,33.32,0.8556701030927840,0.8507462686567160,45.43,,,,,,,,,,,,
81400,0.8247422680412370,0.835820895522388,36.24,0.8505154639175260,0.8507462686567160,44.02,,,,,,,,,,,,
81600,0.8298969072164950,0.8507462686567160,34.07,0.845360824742268,0.8656716417910450,43.38,,,,,,,,,,,,
81800,0.8298969072164950,0.8656716417910450,35.56,0.845360824742268,0.8507462686567160,44.61,,,,,,,,,,,,
82000,0.8350515463917530,0.835820895522388,34.23,0.845360824742268,0.8805970149253730,46.85,,,,,,,,,,,,
82200,0.8195876288659790,0.8656716417910450,35.27,0.8402061855670100,0.8955223880597020,45.68,,,,,,,,,,,,
82400,0.8195876288659790,0.8507462686567160,36.67,0.8402061855670100,0.8805970149253730,43.31,,,,,,,,,,,,
82600,0.8247422680412370,0.8656716417910450,33.56,0.8402061855670100,0.8805970149253730,44.22,,,,,,,,,,,,
82800,0.8298969072164950,0.8507462686567160,34.06,0.8402061855670100,0.8656716417910450,45.04,,,,,,,,,,,,
83000,0.8144329896907220,0.8507462686567160,37.15,0.845360824742268,0.8656716417910450,44.41,,,,,,,,,,,,
83200,0.8195876288659790,0.8656716417910450,36.27,0.845360824742268,0.8507462686567160,41.78,,,,,,,,,,,,
83400,0.8195876288659790,0.8656716417910450,33.75,0.845360824742268,0.8656716417910450,42.55,,,,,,,,,,,,
83600,0.8195876288659790,0.8507462686567160,34.71,0.845360824742268,0.8507462686567160,45.6,,,,,,,,,,,,
83800,0.8195876288659790,0.8507462686567160,34.92,0.845360824742268,0.8507462686567160,44.22,,,,,,,,,,,,
84000,0.8195876288659790,0.8507462686567160,36.41,0.845360824742268,0.8507462686567160,45.79,,,,,,,,,,,,
84200,0.8247422680412370,0.8507462686567160,36.77,0.845360824742268,0.8507462686567160,46.11,,,,,,,,,,,,
84400,0.8247422680412370,0.835820895522388,34.39,0.845360824742268,0.8507462686567160,43.39,,,,,,,,,,,,
84600,0.8247422680412370,0.8507462686567160,33.09,0.845360824742268,0.8507462686567160,43.52,,,,,,,,,,,,
84800,0.8195876288659790,0.835820895522388,36.75,0.845360824742268,0.8507462686567160,45.42,,,,,,,,,,,,
85000,0.8247422680412370,0.835820895522388,36.13,0.845360824742268,0.8507462686567160,44.35,,,,,,,,,,,,
85200,0.8298969072164950,0.8507462686567160,37.29,0.845360824742268,0.8507462686567160,42.87,,,,,,,,,,,,
85400,0.8298969072164950,0.8507462686567160,37.54,0.845360824742268,0.8507462686567160,44.1,,,,,,,,,,,,
85600,0.8298969072164950,0.8507462686567160,35.64,0.845360824742268,0.8507462686567160,45.42,,,,,,,,,,,,
85772,,,,0.865979381443299,0.9253731343283580,44.8,,,,,,,,,,,,
85800,0.8298969072164950,0.835820895522388,35.69,,,,,,,,,,,,,,,
86000,0.8247422680412370,0.835820895522388,36.57,,,,,,,,,,,,,,,
86200,0.8247422680412370,0.835820895522388,36.57,,,,,,,,,,,,,,,
86340,0.8402061855670100,0.8059701492537310,35.98,,,,,,,,,,,,,,,